方向,入场下标,入场时间,入场价,出场下标,出场时间,出场价,理由,仓位比例,跳空成交,固定止损位,交易日,时段号,成本基点,毛收益,净收益,持有根数
多,2370,2025-09-04 21:45:00,815.9883939167289,2372,2025-09-04 22:15:00,811.923150407807,SL,1.0,False,811.923150407807,2025-09-05,129,0.0,-0.004981986924359028,-0.004981986924359028,2
多,2375,2025-09-04 23:00:00,813.8727279980053,2517,2025-09-11 21:30:00,828.4542852868896,TRAIL,1.0,False,809.2878347401786,2025-09-12,137,0.0,0.017916262318744255,0.017916262318744255,142
多,2529,2025-09-12 00:30:00,831.5365425081026,2575,2025-09-15 09:15:00,829.9483674181713,TRAIL,1.0,False,828.4571365886667,2025-09-15,140,0.0,-0.001909928197672436,-0.001909928197672436,46
多,2588,2025-09-15 14:45:00,833.292944402892,2617,2025-09-16 10:45:00,839.1480926024858,TRAIL,1.0,False,831.4003928482388,2025-09-16,142,0.0,0.007026518391787678,0.007026518391787678,29
多,2671,2025-09-17 23:00:00,837.3446442283717,2684,2025-09-18 02:15:00,834.6822411938596,SL,1.0,False,834.6822411938596,2025-09-18,145,0.0,-0.003179578507922068,-0.003179578507922068,13
多,2717,2025-09-19 01:15:00,827.724352031912,2838,2025-09-24 10:15:00,853.1137687074828,TRAIL,1.0,False,824.1424041742349,2025-09-24,154,0.0,0.030673758254477414,0.030673758254477414,121
多,2877,2025-09-25 11:00:00,853.3119341810021,2888,2025-09-25 21:45:00,850.1469892082487,SL,1.0,False,850.1469892082487,2025-09-26,157,0.0,-0.003709012901350236,-0.003709012901350236,11
多,2895,2025-09-25 23:30:00,852.6532834704561,2945,2025-09-29 09:15:00,856.4954126153078,TRAIL,1.0,False,849.1953672400897,2025-09-29,160,0.0,0.004506086142322144,0.004506086142322144,50
多,3050,2025-10-10 21:30:00,904.0679571179255,3117,2025-10-14 13:45:00,938.92797264665,TRAIL,1.0,False,897.5669890657832,2025-10-14,169,0.0,0.03855906544885695,0.03855906544885695,67
多,3257,2025-10-20 09:30:00,972.2882034405383,3308,2025-10-21 21:15:00,960.851632011967,TRAIL,1.0,True,960.5308605620256,2025-10-22,180,0.0,-0.011762532331567752,-0.011762532331567752,51
多,3339,2025-10-22 13:45:00,947.0798444278233,3345,2025-10-22 21:15:00,925.7635123410619,SL,1.0,True,937.1102677636499,2025-10-23,182,0.0,-0.02250742871593861,-0.02250742871593861,6
多,3365,2025-10-23 02:15:00,932.4098967838443,3448,2025-10-27 11:15:00,930.1359836164833,TRAIL,1.0,False,922.540828507319,2025-10-27,187,0.0,-0.0024387484251340496,-0.0024387484251340496,83
空,3545,2025-10-30 01:00:00,911.8520109698328,3561,2025-10-30 13:45:00,904.6667304911492,TRAIL,1.0,False,916.9415846422337,2025-10-30,193,0.0,0.007879875673072672,0.007879875673072672,16
空,3595,2025-10-31 11:00:00,917.2210122164048,3604,2025-10-31 21:15:00,922.7097681376214,SL,1.0,True,922.3768786551269,2025-11-03,196,0.0,-0.005984114895005903,-0.005984114895005903,9
空,3617,2025-11-01 00:30:00,913.3090261780103,3623,2025-11-01 02:00:00,918.2767066994335,SL,1.0,False,918.2767066994335,2025-11-03,196,0.0,-0.0054392110217193245,-0.0054392110217193245,6
空,3653,2025-11-04 00:15:00,919.356637247569,3691,2025-11-05 00:30:00,911.8192209993945,TRAIL,1.0,False,924.260163479004,2025-11-05,200,0.0,0.008198577073137283,0.008198577073137283,38
空,3738,2025-11-06 09:30:00,911.0536464722012,3746,2025-11-06 13:45:00,915.1253054101219,SL,1.0,True,914.6527021405418,2025-11-06,203,0.0,-0.004469175831398119,-0.004469175831398119,8
空,3760,2025-11-06 23:15:00,915.225100972326,3774,2025-11-07 09:15:00,916.8332351746982,TRAIL,1.0,False,918.5739549097125,2025-11-07,205,0.0,-0.0017570914528717786,-0.0017570914528717786,14
空,3792,2025-11-07 22:00:00,916.2230565943653,3803,2025-11-08 00:45:00,919.6039876767458,SL,1.0,False,919.6039876767458,2025-11-10,206,0.0,-0.0036900742216065983,-0.0036900742216065983,11
空,3808,2025-11-08 02:00:00,917.3407668910494,3811,2025-11-10 09:15:00,921.5122213911741,SL,1.0,True,921.1536701926841,2025-11-10,207,0.0,-0.004547333608929353,-0.004547333608929353,3
多,3902,2025-11-12 21:45:00,945.1038922961853,3943,2025-11-13 22:45:00,958.1942187555651,TRAIL,1.0,False,941.3401739502082,2025-11-14,214,0.0,0.013850674583062014,0.013850674583062014,41
多,3965,2025-11-14 11:00:00,958.1371927200198,3971,2025-11-14 14:30:00,952.2456904227658,SL,1.0,False,952.2456904227658,2025-11-14,215,0.0,-0.006148913059651509,-0.006148913059651509,6
多,3989,2025-11-15 01:00:00,935.7705326942964,4005,2025-11-17 13:45:00,926.419916501836,SL,1.0,False,926.419916501836,2025-11-17,217,0.0,-0.009992424281129947,-0.009992424281129947,16
多,4012,2025-11-17 21:30:00,931.8505957431021,4023,2025-11-18 00:15:00,926.7019475902007,SL,1.0,False,926.7019475902007,2025-11-18,218,0.0,-0.00552518630821458,-0.00552518630821458,11
空,4182,2025-11-24 09:30:00,925.3836946814868,4196,2025-11-24 21:15:00,930.9416763521344,SL,1.0,False,930.9416763521344,2025-11-25,228,0.0,-0.006006137456918032,-0.006006137456918032,14
空,4234,2025-11-25 21:30:00,939.7899604310545,4249,2025-11-26 01:15:00,941.9588595563347,TRAIL,1.0,False,943.6104065966857,2025-11-26,230,0.0,-0.0023078551767943614,-0.0023078551767943614,15
空,4269,2025-11-26 15:00:00,941.9588595563347,4328,2025-11-28 02:30:00,945.4182963000648,TRAIL,1.0,False,945.4595139112266,2025-11-28,234,0.0,-0.003672598552084823,-0.003672598552084823,59
多,4424,2025-12-02 22:45:00,956.5243105628036,4426,2025-12-02 23:15:00,952.2433641897079,SL,1.0,False,952.2433641897079,2025-12-03,240,0.0,-0.004475522812982025,-0.004475522812982025,2
多,4441,2025-12-03 09:30:00,954.1763280235094,4484,2025-12-04 11:15:00,949.0660548878967,SL,1.0,False,949.0660548878967,2025-12-04,243,0.0,-0.005355690542227333,-0.005355690542227333,43
多,4496,2025-12-04 22:15:00,950.6145579003429,4541,2025-12-06 00:15:00,954.4435318475937,TRAIL,1.0,False,946.3805143261557,2025-12-08,246,0.0,0.0040278932354118335,0.0040278932354118335,45
多,4562,2025-12-08 14:15:00,954.0370409237208,4574,2025-12-08 23:15:00,949.4789416479845,SL,1.0,False,949.4789416479845,2025-12-09,248,0.0,-0.004777696336950512,-0.004777696336950512,12
多,4589,2025-12-09 09:30:00,950.2961873865402,4597,2025-12-09 13:45:00,946.8850747386551,SL,1.0,False,946.8850747386551,2025-12-09,249,0.0,-0.0035895257638211883,-0.0035895257638211883,8
多,4604,2025-12-09 21:30:00,950.9130302570328,4607,2025-12-09 22:15:00,947.943230307968,SL,1.0,False,947.943230307968,2025-12-10,250,0.0,-0.0031231036430977395,-0.0031231036430977395,3
多,4655,2025-12-11 01:00:00,950.7737431572441,4667,2025-12-11 10:45:00,956.2528428479095,TRAIL,1.0,False,948.0810961108199,2025-12-11,253,0.0,0.0057627797676352574,0.0057627797676352574,12
多,4775,2025-12-16 09:45:00,971.189252354836,4779,2025-12-16 11:00:00,967.1854588843809,SL,1.0,False,967.1854588843809,2025-12-16,259,0.0,-0.0041225677289437905,-0.0041225677289437905,4
多,4790,2025-12-16 21:45:00,969.1994366435696,4878,2025-12-19 01:15:00,975.5014672605372,TRAIL,1.0,False,965.0677264488188,2025-12-19,264,0.0,0.006502305282793135,0.006502305282793135,88
多,4897,2025-12-19 14:45:00,974.8107169493404,4979,2025-12-23 22:45:00,1003.6815216228773,TRAIL,1.0,False,969.9051105726007,2025-12-24,270,0.0,0.029616831423322637,0.029616831423322637,82
多,5027,2025-12-25 01:30:00,1005.8717402022069,5040,2025-12-25 11:30:00,1000.0451334105383,SL,1.0,False,1000.0451334105383,2025-12-25,273,0.0,-0.00579259418352613,-0.00579259418352613,13
多,5044,2025-12-25 14:30:00,1003.7625355482646,5071,2025-12-26 09:45:00,1010.22517271907,TRAIL,1.0,False,999.5220961378625,2025-12-26,275,0.0,0.006438412415218702,0.006438412415218702,27
多,5146,2025-12-30 10:00:00,976.2433842614523,5188,2025-12-31 11:30:00,970.3265251143083,TRAIL,1.0,False,967.056831511617,2025-12-31,281,0.0,-0.006060844296138541,-0.006060844296138541,42
多,5196,2026-01-05 09:30:00,986.6700185884876,5284,2026-01-07 21:15:00,990.3568628420766,TRAIL,1.0,False,978.9225289869787,2026-01-08,287,0.0,0.0037366537790044017,0.0037366537790044017,88
多,5297,2026-01-08 00:30:00,995.8032727031996,5315,2026-01-08 13:45:00,990.0917909633971,SL,1.0,False,990.0917909633971,2026-01-08,288,0.0,-0.005735552288654502,-0.005735552288654502,18
空,5352,2026-01-09 13:45:00,998.5691165418597,5360,2026-01-09 21:45:00,1002.6390003198675,SL,1.0,False,1002.6390003198675,2026-01-12,291,0.0,-0.004075715652114501,-0.004075715652114501,8
多,5505,2026-01-15 15:00:00,1028.99150463066,5509,2026-01-15 22:00:00,1023.508812718832,SL,1.0,False,1023.508812718832,2026-01-16,299,0.0,-0.005328218830918317,-0.005328218830918317,4
多,5512,2026-01-15 22:45:00,1028.0986273127198,5552,2026-01-16 23:30:00,1022.2609103720916,SL,1.0,False,1022.2609103720916,2026-01-19,301,0.0,-0.005678168208323566,-0.005678168208323566,40
多,5558,2026-01-17 01:00:00,1027.5232174856028,5663,2026-01-21 23:30:00,1080.1562094798028,TRAIL,1.0,False,1021.0115907597674,2026-01-22,307,0.0,0.05122316566529306,0.05122316566529306,105
多,5687,2026-01-22 14:15:00,1076.730678563197,5786,2026-01-27 02:30:00,1127.882628022083,TRAIL,1.0,False,1068.1292937337062,2026-01-27,313,0.0,0.04750672612685641,0.04750672612685641,99
多,5815,2026-01-28 00:30:00,1137.4860196194848,5861,2026-01-29 09:15:00,1213.732073509243,TRAIL,1.0,False,1128.663541358885,2026-01-29,318,0.0,0.0670303217575055,0.0670303217575055,46
多,5900,2026-01-30 09:45:00,1196.991332430656,5902,2026-01-30 10:15:00,1163.374501410207,SL,1.0,False,1163.374501410207,2026-01-30,320,0.0,-0.028084439803073187,-0.028084439803073187,2
多,5951,2026-02-02 21:30:00,1060.7580954311554,6082,2026-02-06 02:30:00,1062.8003751377455,TRAIL,1.0,False,1025.0323732216664,2026-02-06,329,0.0,0.0019253020225690337,0.0019253020225690337,131
空,6137,2026-02-09 21:45:00,1109.8663479178674,6145,2026-02-09 23:45:00,1119.5243042402542,SL,1.0,False,1119.5243042402542,2026-02-10,333,0.0,-0.008701909324942872,-0.008701909324942872,8
空,6155,2026-02-10 02:15:00,1116.8903161523303,6178,2026-02-10 22:45:00,1123.5245363511845,TRAIL,1.0,False,1123.669806073548,2026-02-11,335,0.0,-0.005939903053066924,-0.005939903053066924,23
空,6227,2026-02-24 22:00:00,1135.77963185631,6246,2026-02-25 09:15:00,1141.6116797346021,TRAIL,1.0,False,1143.9834736894798,2026-02-25,339,0.0,-0.005134841050776928,-0.005134841050776928,19
多,6309,2026-02-27 00:00:00,1136.0970993471335,6376,2026-03-02 22:15:00,1185.9834306394787,TRAIL,1.0,False,1130.9800619559855,2026-03-03,346,0.0,0.04391027080432889,0.04391027080432889,67
多,6432,2026-03-04 09:30:00,1144.1528369267717,6491,2026-03-05 23:15:00,1125.755312380451,SL,1.0,False,1125.755312380451,2026-03-06,352,0.0,-0.016079604011415997,-0.016079604011415997,59
多,6508,2026-03-06 10:00:00,1134.5097618930172,6520,2026-03-06 21:15:00,1124.1523850049107,SL,1.0,False,1124.1523850049107,2026-03-09,354,0.0,-0.009129385427961781,-0.009129385427961781,12
多,6528,2026-03-06 23:15:00,1136.9899766650735,6542,2026-03-09 09:15:00,1122.9618819143238,SL,1.0,True,1128.2950523070367,2026-03-09,355,0.0,-0.012337922970874162,-0.012337922970874162,14
空,6617,2026-03-11 09:30:00,1147.9426050984735,6818,2026-03-18 21:45:00,1078.8025150374035,TRAIL,1.0,False,1154.1587319500381,2026-03-19,370,0.0,0.06022957049768087,0.06022957049768087,201
空,6983,2026-03-25 02:00:00,966.239183724337,6985,2026-03-25 02:30:00,976.8700217321425,SL,1.0,False,976.8700217321425,2026-03-25,378,0.0,-0.011002284099915445,-0.011002284099915445,2
空,7005,2026-03-25 22:15:00,1005.2669624924929,7082,2026-03-27 23:00:00,991.8696198569252,TRAIL,1.0,False,1017.5085335317842,2026-03-30,384,0.0,0.013327149041434627,0.013327149041434627,77
空,7095,2026-03-28 02:15:00,993.0027846738124,7105,2026-03-30 11:30:00,1001.0239525858686,TRAIL,1.0,False,1003.1652384711465,2026-03-30,385,0.0,-0.00807768924302778,-0.00807768924302778,10
空,7129,2026-03-31 01:30:00,1002.1811371058571,7135,2026-03-31 09:30:00,1010.8261108366863,SL,1.0,False,1010.8261108366863,2026-03-31,387,0.0,-0.008626158895581007,-0.008626158895581007,6
空,7148,2026-03-31 15:00:00,1009.5594247290312,7152,2026-03-31 22:00:00,1017.6533582122469,SL,1.0,False,1017.6533582122469,2026-04-01,388,0.0,-0.008017292776389167,-0.008017292776389167,4
空,7209,2026-04-02 09:30:00,1045.1057594712393,7211,2026-04-02 10:00:00,1037.5536822315103,TRAIL,1.0,False,1052.0509859767374,2026-04-02,391,0.0,0.007226136849106913,0.007226136849106913,2
多,7229,2026-04-02 22:45:00,1028.3513100963644,7279,2026-04-07 22:15:00,1013.8356383428835,SL,1.0,False,1013.8356383428835,2026-04-08,395,0.0,-0.014115479419305313,-0.014115479419305313,50
多,7285,2026-04-07 23:45:00,1022.3181258468521,7314,2026-04-08 21:45:00,1041.741588113373,TRAIL,1.0,False,1014.592965452424,2026-04-09,397,0.0,0.018999430583734482,0.018999430583734482,29
多,7350,2026-04-09 21:30:00,1039.5670985208671,7376,2026-04-10 10:45:00,1035.8129602185359,TRAIL,1.0,False,1033.7832953064928,2026-04-10,400,0.0,-0.0036112515562225908,-0.0036112515562225908,26
多,7424,2026-04-13 21:30:00,1033.5536952033206,7431,2026-04-13 23:15:00,1028.2721863685017,SL,1.0,False,1028.2721863685017,2026-04-14,403,0.0,-0.005110047846889922,-0.005110047846889922,7
多,7437,2026-04-14 00:45:00,1032.9998291082836,7487,2026-04-15 10:45:00,1049.9026354729006,TRAIL,1.0,False,1028.3562553293557,2026-04-15,406,0.0,0.01636283558653436,0.01636283558653436,50
多,7520,2026-04-16 09:30:00,1050.7631060134047,7537,2026-04-16 22:00:00,1045.8800416653216,SL,1.0,False,1045.8800416653216,2026-04-17,409,0.0,-0.004647160068846916,-0.004647160068846916,17
多,7562,2026-04-17 11:00:00,1043.681532369715,7593,2026-04-20 09:15:00,1038.4989281947242,TRAIL,1.0,True,1038.3533970524056,2026-04-20,412,0.0,-0.0049656950077706635,-0.0049656950077706635,31
多,7609,2026-04-20 21:30:00,1047.1234145317317,7639,2026-04-21 13:45:00,1041.1891349420475,SL,1.0,True,1042.2806185094357,2026-04-21,414,0.0,-0.00566722079492217,-0.00566722079492217,30
多,7668,2026-04-22 09:30:00,1034.2460278221172,7709,2026-04-23 10:45:00,1027.5593663558839,SL,1.0,False,1027.5593663558839,2026-04-23,418,0.0,-0.006465252257544444,-0.006465252257544444,41
空,7779,2026-04-27 09:30:00,1024.6522758187946,7784,2026-04-27 11:00:00,1029.0330457873222,SL,1.0,False,1029.0330457873222,2026-04-27,422,0.0,-0.004275372311086657,-0.004275372311086657,5
空,7935,2026-05-07 01:15:00,1020.5378419699467,7941,2026-05-07 09:15:00,1024.7850906477065,SL,1.0,False,1024.7850906477065,2026-05-07,431,0.0,-0.0041617748045102475,-0.0041617748045102475,6
空,7952,2026-05-07 14:15:00,1022.41703050668,7954,2026-05-07 14:45:00,1025.9013003800517,SL,1.0,False,1025.9013003800517,2026-05-07,431,0.0,-0.0034078754259844013,-0.0034078754259844013,2
空,8244,2026-05-19 11:15:00,988.0575516824089,8255,2026-05-19 22:00:00,981.0169528263622,TRAIL,1.0,False,992.8749150778917,2026-05-20,448,0.0,0.007125697125697146,0.007125697125697146,11
空,8317,2026-05-21 11:00:00,984.8602101490364,8344,2026-05-22 01:45:00,986.1917421000251,TRAIL,1.0,False,990.4674391426443,2026-05-22,452,0.0,-0.0013520009614228622,-0.0013520009614228622,27
空,8419,2026-05-26 02:00:00,989.1605651907479,8458,2026-05-27 02:30:00,975.794520654157,TRAIL,1.0,False,991.2952433978885,2026-05-27,458,0.0,0.013512512535326711,0.013512512535326711,39
空,8540,2026-05-29 11:15:00,971.4265322435064,8550,2026-05-29 21:45:00,977.0802591782598,SL,1.0,False,977.0802591782598,2026-06-01,464,0.0,-0.0058200252382402595,-0.0058200252382402595,10
空,8571,2026-06-01 09:30:00,977.7587064104304,8616,2026-06-02 13:45:00,973.0046441854189,TRAIL,1.0,True,983.2053061528078,2026-06-02,467,0.0,0.00486220393011348,0.00486220393011348,45
空,8628,2026-06-02 22:45:00,968.9804587335419,8659,2026-06-04 21:15:00,971.7027018333409,TRAIL,1.0,True,974.0128040911674,2026-06-05,470,0.0,-0.0028093890596689527,-0.0028093890596689527,31
空,8756,2026-06-09 09:30:00,934.4592600042063,8773,2026-06-09 22:00:00,939.9861743721989,SL,1.0,False,939.9861743721989,2026-06-10,476,0.0,-0.005914558937505461,-0.005914558937505461,17
空,8885,2026-06-12 22:15:00,900.056419670514,8890,2026-06-12 23:30:00,908.721945065837,SL,1.0,False,908.721945065837,2026-06-15,482,0.0,-0.009627758000432049,-0.009627758000432049,5
空,8933,2026-06-16 01:00:00,932.032912893516,8997,2026-06-17 22:30:00,936.0514622313145,TRAIL,1.0,False,937.1688218473295,2026-06-18,488,0.0,-0.004311595955686621,-0.004311595955686621,64
空,9013,2026-06-18 02:30:00,921.282025289237,9013,2026-06-18 02:30:00,925.3358003400248,SL,1.0,False,925.3358003400248,2026-06-18,488,0.0,-0.004400145600925042,-0.004400145600925042,0
空,9178,2026-06-26 09:30:00,868.8098032206468,9192,2026-06-26 21:15:00,875.9704861570747,TRAIL,1.0,True,875.3596722938435,2026-06-29,499,0.0,-0.008241945371568629,-0.008241945371568629,14
空,9212,2026-06-27 02:15:00,880.5864635871687,9263,2026-06-30 14:30:00,862.9651529214923,TRAIL,1.0,False,886.1070373268233,2026-06-30,502,0.0,0.020010880696364603,0.020010880696364603,51
空,9283,2026-07-01 01:30:00,868.139105645334,9303,2026-07-01 21:15:00,868.9478880155642,TRAIL,1.0,True,874.2218817642948,2026-07-02,505,0.0,-0.0009316276216229449,-0.0009316276216229449,20
空,9323,2026-07-02 02:15:00,877.6866828939045,9340,2026-07-02 21:15:00,887.6879673257749,TRAIL,1.0,True,884.278822822688,2026-07-03,507,0.0,-0.011395050906884268,-0.011395050906884268,17
空,9358,2026-07-03 01:45:00,886.4649305707927,9361,2026-07-03 02:30:00,892.3342388690396,SL,1.0,False,892.3342388690396,2026-07-03,507,0.0,-0.00662102706586222,-0.00662102706586222,3
空,9380,2026-07-03 22:00:00,897.4328085670846,9399,2026-07-06 09:15:00,902.7652769993773,SL,1.0,False,902.7652769993773,2026-07-06,510,0.0,-0.005941913847351905,-0.005941913847351905,19
空,9405,2026-07-06 11:00:00,899.5829860879402,9433,2026-07-07 02:00:00,897.2876786295695,TRAIL,1.0,False,902.6666450030076,2026-07-07,511,0.0,0.002551523865910757,0.002551523865910757,28
多,9452,2026-07-07 21:30:00,899.0306469082709,9455,2026-07-07 22:15:00,895.4820085817472,SL,1.0,False,895.4820085817472,2026-07-08,513,0.0,-0.003947182822662743,-0.003947182822662743,3
多,9482,2026-07-08 13:45:00,889.7986920480829,9519,2026-07-10 13:45:00,885.6202179733137,SL,1.0,False,885.6202179733137,2026-07-10,516,0.0,-0.004695976867701846,-0.004695976867701846,37
多,9537,2026-07-11 00:15:00,885.5969690027409,9547,2026-07-13 09:15:00,878.8110876525172,SL,1.0,True,881.0338301421306,2026-07-13,518,0.0,-0.007662493874459825,-0.007662493874459825,10
空,9623,2026-07-15 09:45:00,872.2027438957585,9636,2026-07-15 21:15:00,875.6548637686922,TRAIL,1.0,True,876.7891317269417,2026-07-16,523,0.0,-0.003957932828225776,-0.003957932828225776,13
空,9733,2026-07-20 09:30:00,863.7598450065268,9774,2026-07-21 10:45:00,868.912662302575,SL,1.0,False,868.912662302575,2026-07-21,530,0.0,-0.005965567079596336,-0.005965567079596336,41
空,9840,2026-07-23 02:00:00,893.2840576904807,9898,2026-07-24 22:00:00,875.0786623991572,TRAIL,1.0,False,897.5290792384191,2026-07-27,537,0.0,0.020380297996577024,0.020380297996577024,58
多,9979,2026-07-28 23:45:00,868.5755310771253,9991,2026-07-29 09:15:00,864.7351987730818,SL,1.0,False,864.7351987730818,2026-07-29,542,0.0,-0.004421414334895069,-0.004421414334895069,12
