sym,first,last,dead_days,bars_last,bars_med,vol_last5_ratio,oi_last_ratio,oi_last,cohort
A,2010-01-04,2026-07-29,0,346,346.0,2.06454565017952,1.9582429548707772,222991.0,2010
AG,2012-05-16,2026-07-29,0,556,556.0,1.695153704079228,0.845709933503237,274265.0,2012
AL,2010-01-04,2026-07-29,0,466,466.0,1.9977785160575858,2.085121766851809,253776.0,2010
AO,2023-06-27,2024-04-22,828,466,466.0,1.588879852125693,0.9442453300420118,59673.0,2023
AP,2017-12-28,2026-07-29,0,226,226.0,0.7999708127198167,0.9015714986163167,108487.0,2017
AU,2010-01-04,2026-07-29,0,556,556.0,1.7168504785091607,1.2807388628415217,167723.0,2010
B,2010-01-04,2026-07-29,0,346,346.0,12.104093485410399,11.454701472315058,126815.0,2010
BB,2013-12-12,2026-01-16,194,226,226.0,inf,92.0,92.0,2013
BC,2020-11-25,2026-07-29,0,466,466.0,0.7222365237090048,1.3744167520200297,12077.0,2020
BR,2023-08-03,2024-04-22,828,346,346.0,0.7234435261707989,0.3383773716680247,11628.0,2023
BU,2013-10-15,2026-07-29,0,346,346.0,1.3398389767208114,0.8458780620081225,204321.0,2013
C,2010-01-04,2026-07-29,0,346,226.0,1.8029969173033105,1.677171654553613,930681.0,2010
CF,2010-01-04,2026-07-29,0,346,346.0,1.101491960793781,1.803039557685086,398506.0,2010
CJ,2019-05-09,2026-07-29,0,226,226.0,2.9035764566085014,2.8146805884772856,143681.0,2019
CS,2014-12-25,2026-07-29,0,346,346.0,1.0977000919963202,1.776307389523954,251812.0,2014
CU,2010-01-04,2026-07-29,0,466,466.0,0.7358097571842281,1.6495264209461549,197318.0,2010
CY,2017-08-24,2026-07-29,0,346,346.0,2.2700068321566844,1.8982316029663433,8319.0,2017
EB,2019-10-09,2026-07-29,0,346,346.0,2.4781474173047737,1.4281577768098048,227869.0,2019
EC,2023-08-24,2024-04-22,828,226,226.0,0.3637973835436405,0.8739479845598936,27622.0,2023
EG,2018-12-14,2026-07-29,0,346,346.0,2.080577511024698,1.5075007535532936,390102.0,2018
FB,2013-12-12,2026-01-16,194,226,226.0,0.5986577181208054,2.217391304347826,1479.0,2013
FG,2012-12-07,2026-07-29,0,346,346.0,3.0715375236327556,7.751182230919094,1806289.0,2012
FU,2018-07-20,2026-07-29,0,346,346.0,1.3340516039763504,0.7491860911921971,195947.0,2018
HC,2014-03-27,2026-07-29,0,346,346.0,1.017407303535271,3.6836103917801353,1411088.0,2014
I,2013-10-24,2026-07-29,0,346,346.0,0.2989693896270671,0.8003719220020392,454500.0,2013
IC,2015-04-22,2026-07-29,0,241,241.0,8.356185451279748,2.388752047564157,196869.0,2015
IF,2010-04-22,2026-07-29,0,241,241.0,3.579755478662053,3.8162034044386988,159399.0,2010
IH,2015-04-22,2026-07-29,0,241,241.0,3.336818838731616,2.46464892303948,70887.0,2015
IM,2022-07-28,2024-04-22,828,241,241.0,3.9527294613301236,1.5964339979980846,110846.0,2022
J,2011-04-21,2026-07-29,0,346,346.0,0.3990750478655988,0.7983305015882396,54035.0,2011
JD,2013-11-14,2026-07-29,0,226,226.0,7.3782550391819965,2.3178265790450796,259060.0,2013
JM,2013-03-28,2026-07-29,0,346,346.0,4.361889333265833,3.5698757358887625,410525.0,2013
JR,2013-11-22,2026-01-16,194,226,226.0,,0.0,0.0,2013
L,2010-01-04,2026-07-29,0,346,226.0,2.016765586577823,1.406552316632771,329897.0,2010
LC,2023-07-27,2024-04-22,828,226,226.0,0.7270627314920955,1.3047658510291114,177912.0,2023
LH,2021-01-14,2026-07-29,0,226,226.0,4.445583027796058,2.695761953464587,168690.0,2021
LR,2014-07-14,2025-12-31,210,226,226.0,,,0.0,2014
LU,2020-06-30,2026-07-29,0,346,346.0,1.7287764866712234,0.8317658593267729,57265.0,2020
M,2010-01-04,2026-07-29,0,346,346.0,1.985413270339027,1.672839883307113,1752360.0,2010
MA,2011-11-03,2026-07-29,0,346,346.0,1.716212375662059,1.1533443251736921,565908.0,2011
NI,2015-04-02,2026-07-29,0,466,466.0,0.9483841082345988,1.4559692332869651,177934.0,2015
NR,2019-08-16,2026-07-29,0,346,346.0,2.208222091302286,0.9607480847228481,42638.0,2019
OI,2010-01-04,2026-07-29,0,346,346.0,2.8336202951911718,2.2148365095285856,276024.0,2010
P,2010-01-04,2026-07-29,0,346,346.0,1.41024779926435,1.3041995718194836,367946.0,2010
PB,2011-03-30,2026-07-29,0,466,466.0,3.3465515144143048,3.6464384508990317,84364.0,2011
PF,2020-10-16,2026-07-29,0,346,346.0,1.0952261656228253,0.8379707570555562,126428.0,2020
PG,2020-04-03,2026-07-29,0,346,346.0,0.9374609293082614,1.4247544816835542,91398.0,2020
PK,2021-02-05,2026-07-29,0,226,226.0,1.8685890569433137,1.5443895957548797,183648.0,2021
PM,2010-01-04,2026-01-16,194,226,226.0,,0.0,0.0,2010
PP,2014-03-06,2026-07-29,0,346,346.0,2.158910553735904,1.498767138398448,461959.0,2014
PX,2023-09-21,2024-04-22,828,346,346.0,1.3478877561457943,0.9704775413711584,76971.0,2023
RB,2010-01-04,2026-07-29,0,346,346.0,0.46064044994469316,1.5969736157142083,2033904.0,2010
RI,2010-01-04,2026-01-16,194,226,226.0,0.0,0.0,0.0,2010
RM,2013-01-08,2026-07-29,0,346,346.0,1.785437255077871,1.3081055183138508,483258.0,2013
RR,2019-08-22,2026-07-29,0,346,346.0,0.5841870824053452,3.1304421052631577,37174.0,2019
RS,2013-01-08,2026-01-16,194,226,226.0,2.84,0.16666666666666666,2.0,2013
RU,2010-01-04,2026-07-29,0,346,346.0,0.8931342863673929,0.7351312141118727,108437.0,2010
SA,2019-12-12,2026-07-29,0,346,346.0,1.0028222904585746,2.366178029575417,1472010.0,2019
SC,2018-03-30,2026-07-29,0,556,556.0,1.48054930586804,1.309008826898457,38854.0,2018
SF,2014-08-14,2026-07-29,0,226,226.0,3.124297809434216,3.159296995665388,253641.0,2014
SH,2023-09-21,2024-04-22,828,346,346.0,0.6274814403186834,0.5243565281725789,26932.0,2023
SI,2022-12-28,2024-04-22,828,226,226.0,3.6704290468504013,2.125991991789416,147074.0,2022
SM,2014-08-14,2026-07-29,0,226,226.0,2.373669765937242,5.3811333170591915,507005.0,2014
SN,2015-04-02,2026-07-29,0,466,466.0,3.7511451165656773,2.021059349074665,47505.0,2015
SP,2018-12-03,2026-07-29,0,346,346.0,1.2814758752022515,1.393702054610804,207840.0,2018
SR,2010-01-04,2026-07-29,0,346,346.0,1.019940775593742,1.8153350386425495,598260.0,2010
SS,2019-10-08,2026-07-29,0,466,466.0,1.4758623289478643,1.2035064265920263,86425.0,2019
T,2015-03-26,2026-07-29,0,256,256.0,1.7609200793441404,4.0814809424382705,364564.0,2015
TA,2010-01-04,2026-07-29,0,346,346.0,1.3027454919854042,1.298456493367533,861596.0,2010
TF,2013-09-12,2026-07-29,0,256,271.0,3.8567994075086878,5.155046155752432,208019.0,2013
TL,2023-04-27,2024-04-22,828,256,256.0,1.8405773155797454,1.99150606479843,61898.0,2023
TS,2018-08-23,2026-07-29,0,256,256.0,1.7838720622497681,2.0705891030684502,84215.0,2018
UR,2019-08-15,2026-07-29,0,226,226.0,1.181354472085361,1.9585564445004409,248721.0,2019
V,2010-01-04,2026-07-29,0,346,226.0,8.622181361225582,7.467768425374667,945763.0,2010
WH,2010-01-04,2026-01-16,194,226,226.0,0.0,0.0,0.0,2010
WR,2018-10-22,2026-07-29,0,226,226.0,0.022222222222222223,0.2564102564102564,10.0,2018
Y,2010-01-04,2026-07-29,0,346,346.0,0.8456814719324974,1.0369687747797947,387088.0,2010
ZC,2013-10-09,2026-01-16,194,346,346.0,0.0,0.0,0.0,2013
ZN,2010-01-04,2026-07-29,0,466,466.0,0.7107246651717667,1.1446156860184158,105165.0,2010
