sym,2010,2011,2012,2013,2014,2015,2016,2017,2018,2019,2020,2021,2022,2023,2024,2025,2026
A,10.0,10.0,10.0,10.0,10.0,10.0,10.0,10.0,10.0,10.0,10.0,10.0,10.0,10.0,10.0,10.0,10.0
AG,,,15.0,15.0,15.0,15.0,15.0,15.0,15.0,15.0,15.0,15.0,15.0,15.0,15.0,15.0,15.0
AL,5.0,5.0,5.0,5.0,5.0,5.0,5.0,5.0,5.0,5.0,5.0,5.0,5.0,5.0,5.0,5.0,5.0
AO,,,,,,,,,,,,,,20.0,20.0,,
AP,,,,,,,,10.0,10.0,10.0,10.0,10.0,10.0,10.0,10.0,10.0,10.0
AU,1000.0,1000.0,1000.0,1000.0,1000.0,1000.0,1000.0,1000.0,1000.0,1000.0,1000.0,1000.0,1000.0,1000.0,1000.0,1000.0,1000.0
B,10.0,10.0,10.0,10.0,10.0,10.0,10.0,10.0,10.0,10.0,10.0,10.0,10.0,10.0,10.0,10.0,10.0
BB,,,,500.0,500.0,500.0,500.0,500.0,500.0,500.0,500.0,,500.0,,500.0,500.0,500.0
BC,,,,,,,,,,,5.0,5.0,5.0,5.0,5.0,5.0,5.0
BR,,,,,,,,,,,,,,5.0,5.0,,
BU,,,,10.0,10.0,10.0,10.0,10.0,10.0,10.0,10.0,10.0,10.0,10.0,10.0,10.0,10.0
C,10.0,10.0,10.0,10.0,10.0,10.0,10.0,10.0,10.0,10.0,10.0,10.0,10.0,10.0,10.0,10.0,10.0
CF,5.0,5.0,5.0,5.0,5.0,5.0,5.0,5.0,5.0,5.0,5.0,5.0,5.0,5.0,5.0,5.0,5.0
CJ,,,,,,,,,,5.0,5.0,5.0,5.0,5.0,5.0,5.0,5.0
CS,,,,,10.0,10.0,10.0,10.0,10.0,10.0,10.0,10.0,10.0,10.0,10.0,10.0,10.0
CU,5.0,5.0,5.0,5.0,5.0,5.0,5.0,5.0,5.0,5.0,5.0,5.0,5.0,5.0,5.0,5.0,5.0
CY,,,,,,,,5.0,5.0,5.0,5.0,5.0,5.0,5.0,5.0,5.0,5.0
EB,,,,,,,,,,5.0,5.0,5.0,5.0,5.0,5.0,5.0,5.0
EC,,,,,,,,,,,,,,50.0,50.0,,
EG,,,,,,,,,10.0,10.0,10.0,10.0,10.0,10.0,10.0,10.0,10.0
FB,,,,500.0,500.0,500.0,500.0,500.0,500.0,10.0,10.0,10.0,10.0,10.0,10.0,10.0,10.0
FG,,,20.0,20.0,20.0,20.0,20.0,20.0,20.0,20.0,20.0,20.0,20.0,20.0,20.0,20.0,20.0
FU,,,,,,,,,10.0,10.0,10.0,10.0,10.0,10.0,10.0,10.0,10.0
HC,,,,,10.0,10.0,10.0,10.0,10.0,10.0,10.0,10.0,10.0,10.0,10.0,10.0,10.0
I,,,,100.0,100.0,100.0,100.0,100.0,100.0,100.0,100.0,100.0,100.0,100.0,100.0,100.0,100.0
IC,,,,,,200.0,200.0,200.0,200.0,200.0,200.0,200.0,200.0,200.0,200.0,200.0,200.0
IF,300.0,300.0,300.0,300.0,300.0,300.0,300.0,300.0,300.0,300.0,300.0,300.0,300.0,300.0,300.0,300.0,300.0
IH,,,,,,300.0,300.0,300.0,300.0,300.0,300.0,300.0,300.0,300.0,300.0,300.0,300.0
IM,,,,,,,,,,,,,200.0,200.0,200.0,,
J,,100.0,100.0,100.0,100.0,100.0,100.0,100.0,100.0,100.0,100.0,100.0,100.0,100.0,100.0,100.0,100.0
JD,,,,10.0,10.0,10.0,10.0,10.0,10.0,10.0,10.0,10.0,10.0,10.0,10.0,10.0,10.0
JM,,,,60.0,60.0,60.0,60.0,60.0,60.0,60.0,60.0,60.0,60.0,60.0,60.0,60.0,60.0
JR,,,,20.0,20.0,20.0,20.0,20.0,20.0,20.0,20.0,20.0,20.0,,,,
L,5.0,5.0,5.0,5.0,5.0,5.0,5.0,5.0,5.0,5.0,5.0,5.0,5.0,5.0,5.0,5.0,5.0
LC,,,,,,,,,,,,,,1.0,1.0,,
LH,,,,,,,,,,,,16.0,16.0,16.0,16.0,16.0,16.0
LR,,,,,20.0,20.0,20.0,20.0,20.0,20.0,20.0,,20.0,,,,
LU,,,,,,,,,,,10.0,10.0,10.0,10.0,10.0,10.0,10.0
M,10.0,10.0,10.0,10.0,10.0,10.0,10.0,10.0,10.0,10.0,10.0,10.0,10.0,10.0,10.0,10.0,10.0
MA,,50.0,50.0,50.0,50.0,10.0,10.0,10.0,10.0,10.0,10.0,10.0,10.0,10.0,10.0,10.0,10.0
NI,,,,,,1.0,1.0,1.0,1.0,1.0,1.0,1.0,1.0,1.0,1.0,1.0,1.0
NR,,,,,,,,,,10.0,10.0,10.0,10.0,10.0,10.0,10.0,10.0
OI,5.0,5.0,5.0,10.0,10.0,10.0,10.0,10.0,10.0,10.0,10.0,10.0,10.0,10.0,10.0,10.0,10.0
P,10.0,10.0,10.0,10.0,10.0,10.0,10.0,10.0,10.0,10.0,10.0,10.0,10.0,10.0,10.0,10.0,10.0
PB,,25.0,25.0,5.0,5.0,5.0,5.0,5.0,5.0,5.0,5.0,5.0,5.0,5.0,5.0,5.0,5.0
PF,,,,,,,,,,,5.0,5.0,5.0,5.0,5.0,5.0,5.0
PG,,,,,,,,,,,20.0,20.0,20.0,20.0,20.0,20.0,20.0
PK,,,,,,,,,,,,5.0,5.0,5.0,5.0,5.0,5.0
PM,10.0,10.0,10.0,50.0,50.0,50.0,50.0,50.0,50.0,50.0,50.0,50.0,50.0,,,,
PP,,,,,5.0,5.0,5.0,5.0,5.0,5.0,5.0,5.0,5.0,5.0,5.0,5.0,5.0
PX,,,,,,,,,,,,,,5.0,5.0,,
RB,10.0,10.0,10.0,10.0,10.0,10.0,10.0,10.0,10.0,10.0,10.0,10.0,10.0,10.0,10.0,10.0,10.0
RI,10.0,10.0,10.0,20.0,20.0,20.0,20.0,20.0,20.0,20.0,20.0,20.0,20.0,,,,
RM,,,,10.0,10.0,10.0,10.0,10.0,10.0,10.0,10.0,10.0,10.0,10.0,10.0,10.0,10.0
RR,,,,,,,,,,10.0,10.0,10.0,10.0,10.0,10.0,10.0,10.0
RS,,,,10.0,10.0,10.0,10.0,10.0,10.0,10.0,10.0,10.0,10.0,10.0,10.0,10.0,10.0
RU,5.0,5.0,10.0,10.0,10.0,10.0,10.0,10.0,10.0,10.0,10.0,10.0,10.0,10.0,10.0,10.0,10.0
SA,,,,,,,,,,20.0,20.0,20.0,20.0,20.0,20.0,20.0,20.0
SC,,,,,,,,,1000.0,1000.0,1000.0,1000.0,1000.0,1000.0,1000.0,1000.0,1000.0
SF,,,,,5.0,5.0,5.0,5.0,5.0,5.0,5.0,5.0,5.0,5.0,5.0,5.0,5.0
SH,,,,,,,,,,,,,,30.0,30.0,,
SI,,,,,,,,,,,,,5.0,5.0,5.0,,
SM,,,,,5.0,5.0,5.0,5.0,5.0,5.0,5.0,5.0,5.0,5.0,5.0,5.0,5.0
SN,,,,,,1.0,1.0,1.0,1.0,1.0,1.0,1.0,1.0,1.0,1.0,1.0,1.0
SP,,,,,,,,,10.0,10.0,10.0,10.0,10.0,10.0,10.0,10.0,10.0
SR,10.0,10.0,10.0,10.0,10.0,10.0,10.0,10.0,10.0,10.0,10.0,10.0,10.0,10.0,10.0,10.0,10.0
SS,,,,,,,,,,5.0,5.0,5.0,5.0,5.0,5.0,5.0,5.0
T,,,,,,10000.0,10000.0,10000.0,10000.0,10000.0,10000.0,10000.0,10000.0,10000.0,10000.0,10000.0,10000.0
TA,5.0,5.0,5.0,5.0,5.0,5.0,5.0,5.0,5.0,5.0,5.0,5.0,5.0,5.0,5.0,5.0,5.0
TF,,,,10000.0,10000.0,10000.0,10000.0,10000.0,10000.0,10000.0,10000.0,10000.0,10000.0,10000.0,10000.0,10000.0,10000.0
TL,,,,,,,,,,,,,,10000.0,10000.0,,
TS,,,,,,,,,20000.0,20000.0,20000.0,20000.0,20000.0,20000.0,20000.0,20000.0,20000.0
UR,,,,,,,,,,20.0,20.0,20.0,20.0,20.0,20.0,20.0,20.0
V,5.0,5.0,5.0,5.0,5.0,5.0,5.0,5.0,5.0,5.0,5.0,5.0,5.0,5.0,5.0,5.0,5.0
WH,50.0,50.0,50.0,20.0,20.0,20.0,20.0,20.0,20.0,20.0,20.0,20.0,20.0,20.0,,,
WR,,,,,,,,,10.0,10.0,10.0,10.0,10.0,10.0,10.0,10.0,10.0
Y,10.0,10.0,10.0,10.0,10.0,10.0,10.0,10.0,10.0,10.0,10.0,10.0,10.0,10.0,10.0,10.0,10.0
ZC,,,,200.0,200.0,200.0,100.0,100.0,100.0,100.0,100.0,100.0,100.0,,,,
ZN,5.0,5.0,5.0,5.0,5.0,5.0,5.0,5.0,5.0,5.0,5.0,5.0,5.0,5.0,5.0,5.0,5.0
