clearing_day,weekday,tdate,market,market_cn,product,n_contracts,bars,min_bt,max_bt,prev_file,gap_days
20130705,周五,20130704,XSGE,上期所,AG,12,2160,21:00,23:59,20130704,1.0
20130705,周五,20130704,XSGE,上期所,AU,12,2160,21:00,23:59,20130704,1.0
20140102,周四,20131231,XSGE,上期所,AG,12,2160,21:00,23:59,20131231,2.0
20140102,周四,20140101,XSGE,上期所,AG,12,1812,00:00,02:30,20131231,2.0
20140102,周四,20140101,XSGE,上期所,AL,12,732,00:00,01:00,20131231,2.0
20140102,周四,20131231,XSGE,上期所,AL,12,2160,21:00,23:59,20131231,2.0
20140102,周四,20131231,XSGE,上期所,AU,10,1800,21:00,23:59,20131231,2.0
20140102,周四,20140101,XSGE,上期所,AU,10,1510,00:00,02:30,20131231,2.0
20140102,周四,20140101,XSGE,上期所,CU,12,732,00:00,01:00,20131231,2.0
20140102,周四,20131231,XSGE,上期所,CU,12,2160,21:00,23:59,20131231,2.0
20140102,周四,20131231,XSGE,上期所,PB,12,2160,21:00,23:59,20131231,2.0
20140102,周四,20140101,XSGE,上期所,PB,12,732,00:00,01:00,20131231,2.0
20140102,周四,20140101,XSGE,上期所,ZN,12,732,00:00,01:00,20131231,2.0
20140102,周四,20131231,XSGE,上期所,ZN,12,2160,21:00,23:59,20131231,2.0
20150928,周一,20150925,XDCE,大商所,A,9,1359,21:00,23:30,20150925,3.0
20150928,周一,20150925,XDCE,大商所,B,6,906,21:00,23:30,20150925,3.0
20150928,周一,20150925,XDCE,大商所,I,12,1812,21:00,23:30,20150925,3.0
20150928,周一,20150925,XDCE,大商所,J,12,1812,21:00,23:30,20150925,3.0
20150928,周一,20150925,XDCE,大商所,JM,12,1812,21:00,23:30,20150925,3.0
20150928,周一,20150925,XDCE,大商所,M,8,1208,21:00,23:30,20150925,3.0
20150928,周一,20150925,XDCE,大商所,P,12,1812,21:00,23:30,20150925,3.0
20150928,周一,20150925,XDCE,大商所,Y,8,1208,21:00,23:30,20150925,3.0
20150928,周一,20150926,XSGE,上期所,AG,12,1812,00:00,02:30,20150925,3.0
20150928,周一,20150925,XSGE,上期所,AG,12,2160,21:00,23:59,20150925,3.0
20150928,周一,20150926,XSGE,上期所,AL,12,732,00:00,01:00,20150925,3.0
20150928,周一,20150925,XSGE,上期所,AL,12,2160,21:00,23:59,20150925,3.0
20150928,周一,20150926,XSGE,上期所,AU,8,1208,00:00,02:30,20150925,3.0
20150928,周一,20150925,XSGE,上期所,AU,8,1440,21:00,23:59,20150925,3.0
20150928,周一,20150926,XSGE,上期所,BU,12,732,00:00,01:00,20150925,3.0
20150928,周一,20150925,XSGE,上期所,BU,12,2160,21:00,23:59,20150925,3.0
20150928,周一,20150926,XSGE,上期所,CU,12,732,00:00,01:00,20150925,3.0
20150928,周一,20150925,XSGE,上期所,CU,12,2160,21:00,23:59,20150925,3.0
20150928,周一,20150926,XSGE,上期所,HC,12,732,00:00,01:00,20150925,3.0
20150928,周一,20150925,XSGE,上期所,HC,12,2160,21:00,23:59,20150925,3.0
20150928,周一,20150926,XSGE,上期所,NI,12,732,00:00,01:00,20150925,3.0
20150928,周一,20150925,XSGE,上期所,NI,12,2160,21:00,23:59,20150925,3.0
20150928,周一,20150926,XSGE,上期所,PB,12,732,00:00,01:00,20150925,3.0
20150928,周一,20150925,XSGE,上期所,PB,12,2160,21:00,23:59,20150925,3.0
20150928,周一,20150926,XSGE,上期所,RB,12,732,00:00,01:00,20150925,3.0
20150928,周一,20150925,XSGE,上期所,RB,12,2160,21:00,23:59,20150925,3.0
20150928,周一,20150925,XSGE,上期所,RU,10,1210,21:00,23:00,20150925,3.0
20150928,周一,20150926,XSGE,上期所,SN,12,732,00:00,01:00,20150925,3.0
20150928,周一,20150925,XSGE,上期所,SN,12,2160,21:00,23:59,20150925,3.0
20150928,周一,20150926,XSGE,上期所,ZN,12,732,00:00,01:00,20150925,3.0
20150928,周一,20150925,XSGE,上期所,ZN,12,2160,21:00,23:59,20150925,3.0
20150928,周一,20150925,XZCE,郑商所,CF,6,906,21:00,23:30,20150925,3.0
20150928,周一,20150925,XZCE,郑商所,FG,12,1812,21:00,23:30,20150925,3.0
20150928,周一,20150925,XZCE,郑商所,MA,12,1812,21:00,23:30,20150925,3.0
20150928,周一,20150925,XZCE,郑商所,OI,6,906,21:00,23:30,20150925,3.0
20150928,周一,20150925,XZCE,郑商所,RM,7,1057,21:00,23:30,20150925,3.0
20150928,周一,20150925,XZCE,郑商所,SR,9,1359,21:00,23:30,20150925,3.0
20150928,周一,20150925,XZCE,郑商所,TA,12,1812,21:00,23:30,20150925,3.0
20150928,周一,20150925,XZCE,郑商所,ZC,5,755,21:00,23:30,20150925,3.0
20200102,周四,20191231,XDCE,大商所,A,6,726,21:00,23:00,20191231,2.0
20200102,周四,20191231,XDCE,大商所,B,12,1452,21:00,23:00,20191231,2.0
20200102,周四,20191231,XDCE,大商所,C,6,726,21:00,23:00,20191231,2.0
20200102,周四,20191231,XDCE,大商所,CS,6,726,21:00,23:00,20191231,2.0
20200102,周四,20191231,XDCE,大商所,EB,9,1089,21:00,23:00,20191231,2.0
20200102,周四,20191231,XDCE,大商所,EG,12,1452,21:00,23:00,20191231,2.0
20200102,周四,20191231,XDCE,大商所,I,12,1452,21:00,23:00,20191231,2.0
20200102,周四,20191231,XDCE,大商所,J,12,1452,21:00,23:00,20191231,2.0
20200102,周四,20191231,XDCE,大商所,JM,12,1452,21:00,23:00,20191231,2.0
20200102,周四,20191231,XDCE,大商所,L,12,1452,21:00,23:00,20191231,2.0
20200102,周四,20191231,XDCE,大商所,M,8,968,21:00,23:00,20191231,2.0
20200102,周四,20191231,XDCE,大商所,P,12,1452,21:00,23:00,20191231,2.0
20200102,周四,20191231,XDCE,大商所,PP,12,1452,21:00,23:00,20191231,2.0
20200102,周四,20191231,XDCE,大商所,RR,12,1452,21:00,23:00,20191231,2.0
20200102,周四,20191231,XDCE,大商所,V,12,1452,21:00,23:00,20191231,2.0
20200102,周四,20191231,XDCE,大商所,Y,8,968,21:00,23:00,20191231,2.0
20200102,周四,20200101,XSGE,上期所,AG,12,1812,00:00,02:30,20191231,2.0
20200102,周四,20191231,XSGE,上期所,AG,12,2160,21:00,23:59,20191231,2.0
20200102,周四,20200101,XSGE,上期所,AL,12,732,00:00,01:00,20191231,2.0
20200102,周四,20191231,XSGE,上期所,AL,12,2160,21:00,23:59,20191231,2.0
20200102,周四,20200101,XSGE,上期所,AU,8,1208,00:00,02:30,20191231,2.0
20200102,周四,20191231,XSGE,上期所,AU,8,1440,21:00,23:59,20191231,2.0
20200102,周四,20191231,XSGE,上期所,BU,12,1452,21:00,23:00,20191231,2.0
20200102,周四,20200101,XSGE,上期所,CU,12,732,00:00,01:00,20191231,2.0
20200102,周四,20191231,XSGE,上期所,CU,12,2160,21:00,23:59,20191231,2.0
20200102,周四,20191231,XSGE,上期所,FU,12,1452,21:00,23:00,20191231,2.0
20200102,周四,20191231,XSGE,上期所,HC,12,1452,21:00,23:00,20191231,2.0
20200102,周四,20200101,XSGE,上期所,NI,12,732,00:00,01:00,20191231,2.0
20200102,周四,20191231,XSGE,上期所,NI,12,2160,21:00,23:59,20191231,2.0
20200102,周四,20200101,XSGE,上期所,PB,12,732,00:00,01:00,20191231,2.0
20200102,周四,20191231,XSGE,上期所,PB,12,2160,21:00,23:59,20191231,2.0
20200102,周四,20191231,XSGE,上期所,RB,12,1452,21:00,23:00,20191231,2.0
20200102,周四,20191231,XSGE,上期所,RU,10,1210,21:00,23:00,20191231,2.0
20200102,周四,20200101,XSGE,上期所,SN,12,732,00:00,01:00,20191231,2.0
20200102,周四,20191231,XSGE,上期所,SN,12,2160,21:00,23:59,20191231,2.0
20200102,周四,20191231,XSGE,上期所,SP,12,1452,21:00,23:00,20191231,2.0
20200102,周四,20200101,XSGE,上期所,SS,11,671,00:00,01:00,20191231,2.0
20200102,周四,20191231,XSGE,上期所,SS,11,1980,21:00,23:59,20191231,2.0
20200102,周四,20200101,XSGE,上期所,ZN,12,732,00:00,01:00,20191231,2.0
20200102,周四,20191231,XSGE,上期所,ZN,12,2160,21:00,23:59,20191231,2.0
20200102,周四,20191231,XSIE,能源中心,NR,11,1331,21:00,23:00,20191231,2.0
20200102,周四,20200101,XSIE,能源中心,SC,20,3020,00:00,02:30,20191231,2.0
20200102,周四,20191231,XSIE,能源中心,SC,20,3600,21:00,23:59,20191231,2.0
20200102,周四,20191231,XZCE,郑商所,CF,6,726,21:00,23:00,20191231,2.0
20200102,周四,20191231,XZCE,郑商所,CY,12,1452,21:00,23:00,20191231,2.0
20200102,周四,20191231,XZCE,郑商所,FG,12,1452,21:00,23:00,20191231,2.0
20200102,周四,20191231,XZCE,郑商所,MA,12,1452,21:00,23:00,20191231,2.0
20200102,周四,20191231,XZCE,郑商所,OI,6,726,21:00,23:00,20191231,2.0
20200102,周四,20191231,XZCE,郑商所,RM,7,847,21:00,23:00,20191231,2.0
20200102,周四,20191231,XZCE,郑商所,SA,8,968,21:00,23:00,20191231,2.0
20200102,周四,20191231,XZCE,郑商所,SR,6,726,21:00,23:00,20191231,2.0
20200102,周四,20191231,XZCE,郑商所,TA,12,1452,21:00,23:00,20191231,2.0
20200102,周四,20191231,XZCE,郑商所,ZC,12,1452,21:00,23:00,20191231,2.0
20221010,周一,20221007,XDCE,大商所,A,6,726,21:00,23:00,20220930,10.0
20221010,周一,20221007,XDCE,大商所,B,12,1452,21:00,23:00,20220930,10.0
20221010,周一,20221007,XDCE,大商所,C,6,726,21:00,23:00,20220930,10.0
20221010,周一,20221007,XDCE,大商所,CS,6,726,21:00,23:00,20220930,10.0
20221010,周一,20221007,XDCE,大商所,EB,12,1452,21:00,23:00,20220930,10.0
20221010,周一,20221007,XDCE,大商所,EG,12,1452,21:00,23:00,20220930,10.0
20221010,周一,20221007,XDCE,大商所,I,12,1452,21:00,23:00,20220930,10.0
20221010,周一,20221007,XDCE,大商所,J,12,1452,21:00,23:00,20220930,10.0
20221010,周一,20221007,XDCE,大商所,JM,12,1452,21:00,23:00,20220930,10.0
20221010,周一,20221007,XDCE,大商所,L,12,1452,21:00,23:00,20220930,10.0
20221010,周一,20221007,XDCE,大商所,M,8,968,21:00,23:00,20220930,10.0
20221010,周一,20221007,XDCE,大商所,P,12,1452,21:00,23:00,20220930,10.0
20221010,周一,20221007,XDCE,大商所,PG,12,1452,21:00,23:00,20220930,10.0
20221010,周一,20221007,XDCE,大商所,PP,12,1452,21:00,23:00,20220930,10.0
20221010,周一,20221007,XDCE,大商所,RR,12,1452,21:00,23:00,20220930,10.0
20221010,周一,20221007,XDCE,大商所,V,12,1452,21:00,23:00,20220930,10.0
20221010,周一,20221007,XDCE,大商所,Y,8,968,21:00,23:00,20220930,10.0
20221010,周一,20221008,XSGE,上期所,AG,12,1812,00:00,02:30,20220930,10.0
20221010,周一,20221007,XSGE,上期所,AG,12,2160,21:00,23:59,20220930,10.0
20221010,周一,20221008,XSGE,上期所,AL,12,732,00:00,01:00,20220930,10.0
20221010,周一,20221007,XSGE,上期所,AL,12,2160,21:00,23:59,20220930,10.0
20221010,周一,20221008,XSGE,上期所,AU,8,1208,00:00,02:30,20220930,10.0
20221010,周一,20221007,XSGE,上期所,AU,8,1440,21:00,23:59,20220930,10.0
20221010,周一,20221007,XSGE,上期所,BU,16,1936,21:00,23:00,20220930,10.0
20221010,周一,20221008,XSGE,上期所,CU,12,732,00:00,01:00,20220930,10.0
20221010,周一,20221007,XSGE,上期所,CU,12,2160,21:00,23:59,20220930,10.0
20221010,周一,20221007,XSGE,上期所,FU,12,1452,21:00,23:00,20220930,10.0
20221010,周一,20221007,XSGE,上期所,HC,12,1452,21:00,23:00,20220930,10.0
20221010,周一,20221008,XSGE,上期所,NI,12,732,00:00,01:00,20220930,10.0
20221010,周一,20221007,XSGE,上期所,NI,12,2160,21:00,23:59,20220930,10.0
20221010,周一,20221008,XSGE,上期所,PB,12,732,00:00,01:00,20220930,10.0
20221010,周一,20221007,XSGE,上期所,PB,12,2160,21:00,23:59,20220930,10.0
20221010,周一,20221007,XSGE,上期所,RB,12,1452,21:00,23:00,20220930,10.0
20221010,周一,20221007,XSGE,上期所,RU,10,1210,21:00,23:00,20220930,10.0
20221010,周一,20221008,XSGE,上期所,SN,12,732,00:00,01:00,20220930,10.0
20221010,周一,20221007,XSGE,上期所,SN,12,2160,21:00,23:59,20220930,10.0
20221010,周一,20221007,XSGE,上期所,SP,12,1452,21:00,23:00,20220930,10.0
20221010,周一,20221008,XSGE,上期所,SS,12,732,00:00,01:00,20220930,10.0
20221010,周一,20221007,XSGE,上期所,SS,12,2160,21:00,23:59,20220930,10.0
20221010,周一,20221007,XSGE,上期所,ZN,12,2160,21:00,23:59,20220930,10.0
20221010,周一,20221008,XSGE,上期所,ZN,12,732,00:00,01:00,20220930,10.0
20221010,周一,20221008,XSIE,能源中心,BC,12,732,00:00,01:00,20220930,10.0
20221010,周一,20221007,XSIE,能源中心,BC,12,2160,21:00,23:59,20220930,10.0
20221010,周一,20221007,XSIE,能源中心,LU,12,1452,21:00,23:00,20220930,10.0
20221010,周一,20221007,XSIE,能源中心,NR,12,1452,21:00,23:00,20220930,10.0
20221010,周一,20221008,XSIE,能源中心,SC,20,3020,00:00,02:30,20220930,10.0
20221010,周一,20221007,XSIE,能源中心,SC,20,3600,21:00,23:59,20220930,10.0
20221010,周一,20221007,XZCE,郑商所,CF,6,726,21:00,23:00,20220930,10.0
20221010,周一,20221007,XZCE,郑商所,CY,12,1452,21:00,23:00,20220930,10.0
20221010,周一,20221007,XZCE,郑商所,FG,12,1452,21:00,23:00,20220930,10.0
20221010,周一,20221007,XZCE,郑商所,MA,12,1452,21:00,23:00,20220930,10.0
20221010,周一,20221007,XZCE,郑商所,OI,6,726,21:00,23:00,20220930,10.0
20221010,周一,20221007,XZCE,郑商所,PF,12,1452,21:00,23:00,20220930,10.0
20221010,周一,20221007,XZCE,郑商所,RM,7,847,21:00,23:00,20220930,10.0
20221010,周一,20221007,XZCE,郑商所,SA,12,1452,21:00,23:00,20220930,10.0
20221010,周一,20221007,XZCE,郑商所,SR,6,726,21:00,23:00,20220930,10.0
20221010,周一,20221007,XZCE,郑商所,TA,12,1452,21:00,23:00,20220930,10.0
20221010,周一,20221007,XZCE,郑商所,ZC,12,1452,21:00,23:00,20220930,10.0
20230103,周二,20230102,XDCE,大商所,A,6,726,21:00,23:00,20221230,4.0
20230103,周二,20230102,XDCE,大商所,B,12,1452,21:00,23:00,20221230,4.0
20230103,周二,20230102,XDCE,大商所,C,6,726,21:00,23:00,20221230,4.0
20230103,周二,20230102,XDCE,大商所,CS,6,726,21:00,23:00,20221230,4.0
20230103,周二,20230102,XDCE,大商所,EB,12,1452,21:00,23:00,20221230,4.0
20230103,周二,20230102,XDCE,大商所,EG,12,1452,21:00,23:00,20221230,4.0
20230103,周二,20230102,XDCE,大商所,I,12,1452,21:00,23:00,20221230,4.0
20230103,周二,20230102,XDCE,大商所,J,12,1452,21:00,23:00,20221230,4.0
20230103,周二,20230102,XDCE,大商所,JM,12,1452,21:00,23:00,20221230,4.0
20230103,周二,20230102,XDCE,大商所,L,12,1452,21:00,23:00,20221230,4.0
20230103,周二,20230102,XDCE,大商所,M,8,968,21:00,23:00,20221230,4.0
20230103,周二,20230102,XDCE,大商所,P,12,1452,21:00,23:00,20221230,4.0
20230103,周二,20230102,XDCE,大商所,PG,12,1452,21:00,23:00,20221230,4.0
20230103,周二,20230102,XDCE,大商所,PP,12,1452,21:00,23:00,20221230,4.0
20230103,周二,20230102,XDCE,大商所,RR,12,1452,21:00,23:00,20221230,4.0
20230103,周二,20230102,XDCE,大商所,V,12,1452,21:00,23:00,20221230,4.0
20230103,周二,20230102,XDCE,大商所,Y,8,968,21:00,23:00,20221230,4.0
20230103,周二,20230102,XSGE,上期所,AG,12,2160,21:00,23:59,20221230,4.0
20230103,周二,20230102,XSGE,上期所,AL,12,2160,21:00,23:59,20221230,4.0
20230103,周二,20230102,XSGE,上期所,AU,8,1440,21:00,23:59,20221230,4.0
20230103,周二,20230102,XSGE,上期所,BU,16,1936,21:00,23:00,20221230,4.0
20230103,周二,20230102,XSGE,上期所,CU,12,2160,21:00,23:59,20221230,4.0
20230103,周二,20230102,XSGE,上期所,FU,12,1452,21:00,23:00,20221230,4.0
20230103,周二,20230102,XSGE,上期所,HC,12,1452,21:00,23:00,20221230,4.0
20230103,周二,20230102,XSGE,上期所,NI,12,2160,21:00,23:59,20221230,4.0
20230103,周二,20230102,XSGE,上期所,PB,12,2160,21:00,23:59,20221230,4.0
20230103,周二,20230102,XSGE,上期所,RB,12,1452,21:00,23:00,20221230,4.0
20230103,周二,20230102,XSGE,上期所,RU,10,1210,21:00,23:00,20221230,4.0
20230103,周二,20230102,XSGE,上期所,SN,12,2160,21:00,23:59,20221230,4.0
20230103,周二,20230102,XSGE,上期所,SP,12,1452,21:00,23:00,20221230,4.0
20230103,周二,20230102,XSGE,上期所,SS,12,2160,21:00,23:59,20221230,4.0
20230103,周二,20230102,XSGE,上期所,ZN,12,2160,21:00,23:59,20221230,4.0
20230103,周二,20230102,XSIE,能源中心,BC,12,2160,21:00,23:59,20221230,4.0
20230103,周二,20230102,XSIE,能源中心,LU,12,1452,21:00,23:00,20221230,4.0
20230103,周二,20230102,XSIE,能源中心,NR,12,1452,21:00,23:00,20221230,4.0
20230103,周二,20230102,XSIE,能源中心,SC,20,3600,21:00,23:59,20221230,4.0
20230103,周二,20230102,XZCE,郑商所,CF,6,726,21:00,23:00,20221230,4.0
20230103,周二,20230102,XZCE,郑商所,CY,12,1452,21:00,23:00,20221230,4.0
20230103,周二,20230102,XZCE,郑商所,FG,12,1452,21:00,23:00,20221230,4.0
20230103,周二,20230102,XZCE,郑商所,MA,12,1452,21:00,23:00,20221230,4.0
20230103,周二,20230102,XZCE,郑商所,OI,6,726,21:00,23:00,20221230,4.0
20230103,周二,20230102,XZCE,郑商所,PF,12,1452,21:00,23:00,20221230,4.0
20230103,周二,20230102,XZCE,郑商所,RM,7,847,21:00,23:00,20221230,4.0
20230103,周二,20230102,XZCE,郑商所,SA,12,1452,21:00,23:00,20221230,4.0
20230103,周二,20230102,XZCE,郑商所,SR,6,726,21:00,23:00,20221230,4.0
20230103,周二,20230102,XZCE,郑商所,TA,12,1452,21:00,23:00,20221230,4.0
20230103,周二,20230102,XZCE,郑商所,ZC,12,1452,21:00,23:00,20221230,4.0
20230130,周一,20230127,XDCE,大商所,A,6,726,21:00,23:00,20230120,10.0
20230130,周一,20230127,XDCE,大商所,B,12,1452,21:00,23:00,20230120,10.0
20230130,周一,20230127,XDCE,大商所,C,6,726,21:00,23:00,20230120,10.0
20230130,周一,20230127,XDCE,大商所,CS,6,726,21:00,23:00,20230120,10.0
20230130,周一,20230127,XDCE,大商所,EB,12,1452,21:00,23:00,20230120,10.0
20230130,周一,20230127,XDCE,大商所,EG,12,1452,21:00,23:00,20230120,10.0
20230130,周一,20230127,XDCE,大商所,I,12,1452,21:00,23:00,20230120,10.0
20230130,周一,20230127,XDCE,大商所,J,12,1452,21:00,23:00,20230120,10.0
20230130,周一,20230127,XDCE,大商所,JM,12,1452,21:00,23:00,20230120,10.0
20230130,周一,20230127,XDCE,大商所,L,12,1452,21:00,23:00,20230120,10.0
20230130,周一,20230127,XDCE,大商所,M,8,968,21:00,23:00,20230120,10.0
20230130,周一,20230127,XDCE,大商所,P,12,1452,21:00,23:00,20230120,10.0
20230130,周一,20230127,XDCE,大商所,PG,12,1452,21:00,23:00,20230120,10.0
20230130,周一,20230127,XDCE,大商所,PP,12,1452,21:00,23:00,20230120,10.0
20230130,周一,20230127,XDCE,大商所,RR,12,1452,21:00,23:00,20230120,10.0
20230130,周一,20230127,XDCE,大商所,V,12,1452,21:00,23:00,20230120,10.0
20230130,周一,20230127,XDCE,大商所,Y,8,968,21:00,23:00,20230120,10.0
20230130,周一,20230128,XSGE,上期所,AG,12,1812,00:00,02:30,20230120,10.0
20230130,周一,20230127,XSGE,上期所,AG,12,2160,21:00,23:59,20230120,10.0
20230130,周一,20230127,XSGE,上期所,AL,12,2160,21:00,23:59,20230120,10.0
20230130,周一,20230128,XSGE,上期所,AL,12,732,00:00,01:00,20230120,10.0
20230130,周一,20230128,XSGE,上期所,AU,8,1208,00:00,02:30,20230120,10.0
20230130,周一,20230127,XSGE,上期所,AU,8,1440,21:00,23:59,20230120,10.0
20230130,周一,20230127,XSGE,上期所,BU,16,1936,21:00,23:00,20230120,10.0
20230130,周一,20230128,XSGE,上期所,CU,12,732,00:00,01:00,20230120,10.0
20230130,周一,20230127,XSGE,上期所,CU,12,2160,21:00,23:59,20230120,10.0
20230130,周一,20230127,XSGE,上期所,FU,12,1452,21:00,23:00,20230120,10.0
20230130,周一,20230127,XSGE,上期所,HC,12,1452,21:00,23:00,20230120,10.0
20230130,周一,20230128,XSGE,上期所,NI,12,732,00:00,01:00,20230120,10.0
20230130,周一,20230127,XSGE,上期所,NI,12,2160,21:00,23:59,20230120,10.0
20230130,周一,20230128,XSGE,上期所,PB,12,732,00:00,01:00,20230120,10.0
20230130,周一,20230127,XSGE,上期所,PB,12,2160,21:00,23:59,20230120,10.0
20230130,周一,20230127,XSGE,上期所,RB,12,1452,21:00,23:00,20230120,10.0
20230130,周一,20230127,XSGE,上期所,RU,10,1210,21:00,23:00,20230120,10.0
20230130,周一,20230128,XSGE,上期所,SN,12,732,00:00,01:00,20230120,10.0
20230130,周一,20230127,XSGE,上期所,SN,12,2160,21:00,23:59,20230120,10.0
20230130,周一,20230127,XSGE,上期所,SP,12,1452,21:00,23:00,20230120,10.0
20230130,周一,20230127,XSGE,上期所,SS,12,2160,21:00,23:59,20230120,10.0
20230130,周一,20230128,XSGE,上期所,SS,12,732,00:00,01:00,20230120,10.0
20230130,周一,20230127,XSGE,上期所,ZN,12,2160,21:00,23:59,20230120,10.0
20230130,周一,20230128,XSGE,上期所,ZN,12,732,00:00,01:00,20230120,10.0
20230130,周一,20230128,XSIE,能源中心,BC,12,732,00:00,01:00,20230120,10.0
20230130,周一,20230127,XSIE,能源中心,BC,12,2160,21:00,23:59,20230120,10.0
20230130,周一,20230127,XSIE,能源中心,LU,12,1452,21:00,23:00,20230120,10.0
20230130,周一,20230127,XSIE,能源中心,NR,12,1452,21:00,23:00,20230120,10.0
20230130,周一,20230128,XSIE,能源中心,SC,20,3020,00:00,02:30,20230120,10.0
20230130,周一,20230127,XSIE,能源中心,SC,20,3600,21:00,23:59,20230120,10.0
20230130,周一,20230127,XZCE,郑商所,CF,6,726,21:00,23:00,20230120,10.0
20230130,周一,20230127,XZCE,郑商所,CY,12,1452,21:00,23:00,20230120,10.0
20230130,周一,20230127,XZCE,郑商所,FG,12,1452,21:00,23:00,20230120,10.0
20230130,周一,20230127,XZCE,郑商所,MA,12,1452,21:00,23:00,20230120,10.0
20230130,周一,20230127,XZCE,郑商所,OI,6,726,21:00,23:00,20230120,10.0
20230130,周一,20230127,XZCE,郑商所,PF,12,1452,21:00,23:00,20230120,10.0
20230130,周一,20230127,XZCE,郑商所,RM,7,847,21:00,23:00,20230120,10.0
20230130,周一,20230127,XZCE,郑商所,SA,12,1452,21:00,23:00,20230120,10.0
20230130,周一,20230127,XZCE,郑商所,SR,6,726,21:00,23:00,20230120,10.0
20230130,周一,20230127,XZCE,郑商所,TA,12,1452,21:00,23:00,20230120,10.0
20230130,周一,20230127,XZCE,郑商所,ZC,12,1452,21:00,23:00,20230120,10.0
20230406,周四,20230405,XDCE,大商所,A,6,726,21:00,23:00,20230404,2.0
20230406,周四,20230405,XDCE,大商所,B,12,1452,21:00,23:00,20230404,2.0
20230406,周四,20230405,XDCE,大商所,C,6,726,21:00,23:00,20230404,2.0
20230406,周四,20230405,XDCE,大商所,CS,6,726,21:00,23:00,20230404,2.0
20230406,周四,20230405,XDCE,大商所,EB,12,1452,21:00,23:00,20230404,2.0
20230406,周四,20230405,XDCE,大商所,EG,12,1452,21:00,23:00,20230404,2.0
20230406,周四,20230405,XDCE,大商所,I,12,1452,21:00,23:00,20230404,2.0
20230406,周四,20230405,XDCE,大商所,J,12,1452,21:00,23:00,20230404,2.0
20230406,周四,20230405,XDCE,大商所,JM,12,1452,21:00,23:00,20230404,2.0
20230406,周四,20230405,XDCE,大商所,L,12,1452,21:00,23:00,20230404,2.0
20230406,周四,20230405,XDCE,大商所,M,8,968,21:00,23:00,20230404,2.0
20230406,周四,20230405,XDCE,大商所,P,12,1452,21:00,23:00,20230404,2.0
20230406,周四,20230405,XDCE,大商所,PG,12,1452,21:00,23:00,20230404,2.0
20230406,周四,20230405,XDCE,大商所,PP,12,1452,21:00,23:00,20230404,2.0
20230406,周四,20230405,XDCE,大商所,RR,12,1452,21:00,23:00,20230404,2.0
20230406,周四,20230405,XDCE,大商所,V,12,1452,21:00,23:00,20230404,2.0
20230406,周四,20230405,XDCE,大商所,Y,8,968,21:00,23:00,20230404,2.0
20230406,周四,20230405,XSGE,上期所,AG,12,2160,21:00,23:59,20230404,2.0
20230406,周四,20230405,XSGE,上期所,AL,12,2160,21:00,23:59,20230404,2.0
20230406,周四,20230405,XSGE,上期所,AU,8,1440,21:00,23:59,20230404,2.0
20230406,周四,20230405,XSGE,上期所,BU,16,1936,21:00,23:00,20230404,2.0
20230406,周四,20230405,XSGE,上期所,CU,12,2160,21:00,23:59,20230404,2.0
20230406,周四,20230405,XSGE,上期所,FU,12,1452,21:00,23:00,20230404,2.0
20230406,周四,20230405,XSGE,上期所,HC,12,1452,21:00,23:00,20230404,2.0
20230406,周四,20230405,XSGE,上期所,NI,12,2160,21:00,23:59,20230404,2.0
20230406,周四,20230405,XSGE,上期所,PB,12,2160,21:00,23:59,20230404,2.0
20230406,周四,20230405,XSGE,上期所,RB,12,1452,21:00,23:00,20230404,2.0
20230406,周四,20230405,XSGE,上期所,RU,10,1210,21:00,23:00,20230404,2.0
20230406,周四,20230405,XSGE,上期所,SN,12,2160,21:00,23:59,20230404,2.0
20230406,周四,20230405,XSGE,上期所,SP,12,1452,21:00,23:00,20230404,2.0
20230406,周四,20230405,XSGE,上期所,SS,12,2160,21:00,23:59,20230404,2.0
20230406,周四,20230405,XSGE,上期所,ZN,12,2160,21:00,23:59,20230404,2.0
20230406,周四,20230405,XSIE,能源中心,BC,12,2160,21:00,23:59,20230404,2.0
20230406,周四,20230405,XSIE,能源中心,LU,12,1452,21:00,23:00,20230404,2.0
20230406,周四,20230405,XSIE,能源中心,NR,12,1452,21:00,23:00,20230404,2.0
20230406,周四,20230405,XSIE,能源中心,SC,20,3600,21:00,23:59,20230404,2.0
20230406,周四,20230405,XZCE,郑商所,CF,6,726,21:00,23:00,20230404,2.0
20230406,周四,20230405,XZCE,郑商所,CY,12,1452,21:00,23:00,20230404,2.0
20230406,周四,20230405,XZCE,郑商所,FG,12,1452,21:00,23:00,20230404,2.0
20230406,周四,20230405,XZCE,郑商所,MA,12,1452,21:00,23:00,20230404,2.0
20230406,周四,20230405,XZCE,郑商所,OI,6,726,21:00,23:00,20230404,2.0
20230406,周四,20230405,XZCE,郑商所,PF,12,1452,21:00,23:00,20230404,2.0
20230406,周四,20230405,XZCE,郑商所,RM,7,847,21:00,23:00,20230404,2.0
20230406,周四,20230405,XZCE,郑商所,SA,12,1452,21:00,23:00,20230404,2.0
20230406,周四,20230405,XZCE,郑商所,SR,6,726,21:00,23:00,20230404,2.0
20230406,周四,20230405,XZCE,郑商所,TA,12,1452,21:00,23:00,20230404,2.0
20230406,周四,20230405,XZCE,郑商所,ZC,12,1452,21:00,23:00,20230404,2.0
20230504,周四,20230503,XDCE,大商所,A,6,726,21:00,23:00,20230428,6.0
20230504,周四,20230503,XDCE,大商所,B,12,1452,21:00,23:00,20230428,6.0
20230504,周四,20230503,XDCE,大商所,C,6,726,21:00,23:00,20230428,6.0
20230504,周四,20230503,XDCE,大商所,CS,6,726,21:00,23:00,20230428,6.0
20230504,周四,20230503,XDCE,大商所,EB,12,1452,21:00,23:00,20230428,6.0
20230504,周四,20230503,XDCE,大商所,EG,12,1452,21:00,23:00,20230428,6.0
20230504,周四,20230503,XDCE,大商所,I,12,1452,21:00,23:00,20230428,6.0
20230504,周四,20230503,XDCE,大商所,J,12,1452,21:00,23:00,20230428,6.0
20230504,周四,20230503,XDCE,大商所,JM,12,1452,21:00,23:00,20230428,6.0
20230504,周四,20230503,XDCE,大商所,L,12,1452,21:00,23:00,20230428,6.0
20230504,周四,20230503,XDCE,大商所,M,8,968,21:00,23:00,20230428,6.0
20230504,周四,20230503,XDCE,大商所,P,12,1452,21:00,23:00,20230428,6.0
20230504,周四,20230503,XDCE,大商所,PG,12,1452,21:00,23:00,20230428,6.0
20230504,周四,20230503,XDCE,大商所,PP,12,1452,21:00,23:00,20230428,6.0
20230504,周四,20230503,XDCE,大商所,RR,12,1452,21:00,23:00,20230428,6.0
20230504,周四,20230503,XDCE,大商所,V,12,1452,21:00,23:00,20230428,6.0
20230504,周四,20230503,XDCE,大商所,Y,8,968,21:00,23:00,20230428,6.0
20230504,周四,20230503,XSGE,上期所,AG,12,2160,21:00,23:59,20230428,6.0
20230504,周四,20230503,XSGE,上期所,AL,12,2160,21:00,23:59,20230428,6.0
20230504,周四,20230503,XSGE,上期所,AU,8,1440,21:00,23:59,20230428,6.0
20230504,周四,20230503,XSGE,上期所,BU,16,1936,21:00,23:00,20230428,6.0
20230504,周四,20230503,XSGE,上期所,CU,12,2160,21:00,23:59,20230428,6.0
20230504,周四,20230503,XSGE,上期所,FU,12,1452,21:00,23:00,20230428,6.0
20230504,周四,20230503,XSGE,上期所,HC,12,1452,21:00,23:00,20230428,6.0
20230504,周四,20230503,XSGE,上期所,NI,12,2160,21:00,23:59,20230428,6.0
20230504,周四,20230503,XSGE,上期所,PB,12,2160,21:00,23:59,20230428,6.0
20230504,周四,20230503,XSGE,上期所,RB,12,1452,21:00,23:00,20230428,6.0
20230504,周四,20230503,XSGE,上期所,RU,10,1210,21:00,23:00,20230428,6.0
20230504,周四,20230503,XSGE,上期所,SN,12,2160,21:00,23:59,20230428,6.0
20230504,周四,20230503,XSGE,上期所,SP,12,1452,21:00,23:00,20230428,6.0
20230504,周四,20230503,XSGE,上期所,SS,12,2160,21:00,23:59,20230428,6.0
20230504,周四,20230503,XSGE,上期所,ZN,12,2160,21:00,23:59,20230428,6.0
20230504,周四,20230503,XSIE,能源中心,BC,12,2160,21:00,23:59,20230428,6.0
20230504,周四,20230503,XSIE,能源中心,LU,12,1452,21:00,23:00,20230428,6.0
20230504,周四,20230503,XSIE,能源中心,NR,12,1452,21:00,23:00,20230428,6.0
20230504,周四,20230503,XSIE,能源中心,SC,20,3600,21:00,23:59,20230428,6.0
20230504,周四,20230503,XZCE,郑商所,CF,6,726,21:00,23:00,20230428,6.0
20230504,周四,20230503,XZCE,郑商所,CY,12,1452,21:00,23:00,20230428,6.0
20230504,周四,20230503,XZCE,郑商所,FG,12,1452,21:00,23:00,20230428,6.0
20230504,周四,20230503,XZCE,郑商所,MA,12,1452,21:00,23:00,20230428,6.0
20230504,周四,20230503,XZCE,郑商所,OI,6,726,21:00,23:00,20230428,6.0
20230504,周四,20230503,XZCE,郑商所,PF,12,1452,21:00,23:00,20230428,6.0
20230504,周四,20230503,XZCE,郑商所,RM,7,847,21:00,23:00,20230428,6.0
20230504,周四,20230503,XZCE,郑商所,SA,12,1452,21:00,23:00,20230428,6.0
20230504,周四,20230503,XZCE,郑商所,SR,6,726,21:00,23:00,20230428,6.0
20230504,周四,20230503,XZCE,郑商所,TA,12,1452,21:00,23:00,20230428,6.0
20230504,周四,20230503,XZCE,郑商所,ZC,12,1452,21:00,23:00,20230428,6.0
20231009,周一,20231006,XDCE,大商所,A,6,726,21:00,23:00,20230928,11.0
20231009,周一,20231006,XDCE,大商所,B,12,1452,21:00,23:00,20230928,11.0
20231009,周一,20231006,XDCE,大商所,C,6,726,21:00,23:00,20230928,11.0
20231009,周一,20231006,XDCE,大商所,CS,6,726,21:00,23:00,20230928,11.0
20231009,周一,20231006,XDCE,大商所,EB,12,1452,21:00,23:00,20230928,11.0
20231009,周一,20231006,XDCE,大商所,EG,12,1452,21:00,23:00,20230928,11.0
20231009,周一,20231006,XDCE,大商所,I,12,1452,21:00,23:00,20230928,11.0
20231009,周一,20231006,XDCE,大商所,J,12,1452,21:00,23:00,20230928,11.0
20231009,周一,20231006,XDCE,大商所,JM,12,1452,21:00,23:00,20230928,11.0
20231009,周一,20231006,XDCE,大商所,L,12,1452,21:00,23:00,20230928,11.0
20231009,周一,20231006,XDCE,大商所,M,8,968,21:00,23:00,20230928,11.0
20231009,周一,20231006,XDCE,大商所,P,12,1452,21:00,23:00,20230928,11.0
20231009,周一,20231006,XDCE,大商所,PG,12,1452,21:00,23:00,20230928,11.0
20231009,周一,20231006,XDCE,大商所,PP,12,1452,21:00,23:00,20230928,11.0
20231009,周一,20231006,XDCE,大商所,RR,12,1452,21:00,23:00,20230928,11.0
20231009,周一,20231006,XDCE,大商所,V,12,1452,21:00,23:00,20230928,11.0
20231009,周一,20231006,XDCE,大商所,Y,8,968,21:00,23:00,20230928,11.0
20231009,周一,20231007,XSGE,上期所,AG,12,1812,00:00,02:30,20230928,11.0
20231009,周一,20231006,XSGE,上期所,AG,12,2160,21:00,23:59,20230928,11.0
20231009,周一,20231007,XSGE,上期所,AL,12,732,00:00,01:00,20230928,11.0
20231009,周一,20231006,XSGE,上期所,AL,12,2160,21:00,23:59,20230928,11.0
20231009,周一,20231007,XSGE,上期所,AU,8,1208,00:00,02:30,20230928,11.0
20231009,周一,20231006,XSGE,上期所,AU,8,1440,21:00,23:59,20230928,11.0
20231009,周一,20231006,XSGE,上期所,BR,9,1089,21:00,23:00,20230928,11.0
20231009,周一,20231006,XSGE,上期所,BU,16,1936,21:00,23:00,20230928,11.0
20231009,周一,20231007,XSGE,上期所,CU,12,732,00:00,01:00,20230928,11.0
20231009,周一,20231006,XSGE,上期所,CU,12,2160,21:00,23:59,20230928,11.0
20231009,周一,20231006,XSGE,上期所,FU,12,1452,21:00,23:00,20230928,11.0
20231009,周一,20231006,XSGE,上期所,HC,12,1452,21:00,23:00,20230928,11.0
20231009,周一,20231007,XSGE,上期所,NI,12,732,00:00,01:00,20230928,11.0
20231009,周一,20231006,XSGE,上期所,NI,12,2160,21:00,23:59,20230928,11.0
20231009,周一,20231007,XSGE,上期所,PB,12,732,00:00,01:00,20230928,11.0
20231009,周一,20231006,XSGE,上期所,PB,12,2160,21:00,23:59,20230928,11.0
20231009,周一,20231006,XSGE,上期所,RB,12,1452,21:00,23:00,20230928,11.0
20231009,周一,20231006,XSGE,上期所,RU,10,1210,21:00,23:00,20230928,11.0
20231009,周一,20231007,XSGE,上期所,SN,12,732,00:00,01:00,20230928,11.0
20231009,周一,20231006,XSGE,上期所,SN,12,2160,21:00,23:59,20230928,11.0
20231009,周一,20231006,XSGE,上期所,SP,12,1452,21:00,23:00,20230928,11.0
20231009,周一,20231007,XSGE,上期所,SS,12,732,00:00,01:00,20230928,11.0
20231009,周一,20231006,XSGE,上期所,SS,12,2160,21:00,23:59,20230928,11.0
20231009,周一,20231007,XSGE,上期所,ZN,12,732,00:00,01:00,20230928,11.0
20231009,周一,20231006,XSGE,上期所,ZN,12,2160,21:00,23:59,20230928,11.0
20231009,周一,20231006,XSIE,能源中心,BC,12,2160,21:00,23:59,20230928,11.0
20231009,周一,20231007,XSIE,能源中心,BC,12,732,00:00,01:00,20230928,11.0
20231009,周一,20231006,XSIE,能源中心,LU,12,1452,21:00,23:00,20230928,11.0
20231009,周一,20231006,XSIE,能源中心,NR,12,1452,21:00,23:00,20230928,11.0
20231009,周一,20231007,XSIE,能源中心,SC,20,3020,00:00,02:30,20230928,11.0
20231009,周一,20231006,XSIE,能源中心,SC,20,3600,21:00,23:59,20230928,11.0
20231009,周一,20231006,XZCE,郑商所,CF,6,726,21:00,23:00,20230928,11.0
20231009,周一,20231006,XZCE,郑商所,CY,12,1452,21:00,23:00,20230928,11.0
20231009,周一,20231006,XZCE,郑商所,FG,12,1452,21:00,23:00,20230928,11.0
20231009,周一,20231006,XZCE,郑商所,MA,12,1452,21:00,23:00,20230928,11.0
20231009,周一,20231006,XZCE,郑商所,OI,6,726,21:00,23:00,20230928,11.0
20231009,周一,20231006,XZCE,郑商所,PF,12,1452,21:00,23:00,20230928,11.0
20231009,周一,20231006,XZCE,郑商所,PX,5,605,21:00,23:00,20230928,11.0
20231009,周一,20231006,XZCE,郑商所,RM,7,847,21:00,23:00,20230928,11.0
20231009,周一,20231006,XZCE,郑商所,SA,12,1452,21:00,23:00,20230928,11.0
20231009,周一,20231006,XZCE,郑商所,SH,5,605,21:00,23:00,20230928,11.0
20231009,周一,20231006,XZCE,郑商所,SR,6,726,21:00,23:00,20230928,11.0
20231009,周一,20231006,XZCE,郑商所,TA,12,1452,21:00,23:00,20230928,11.0
20231009,周一,20231006,XZCE,郑商所,ZC,12,1452,21:00,23:00,20230928,11.0
20240102,周二,20231229,XDCE,大商所,A,6,726,21:00,23:00,20231229,4.0
20240102,周二,20240101,XDCE,大商所,A,6,2076,09:01,23:00,20231229,4.0
20240102,周二,20231229,XDCE,大商所,B,12,1452,21:00,23:00,20231229,4.0
20240102,周二,20240101,XDCE,大商所,B,12,4152,09:01,23:00,20231229,4.0
20240102,周二,20231229,XDCE,大商所,C,6,726,21:00,23:00,20231229,4.0
20240102,周二,20240101,XDCE,大商所,C,6,2076,09:01,23:00,20231229,4.0
20240102,周二,20240101,XDCE,大商所,CS,6,2076,09:01,23:00,20231229,4.0
20240102,周二,20231229,XDCE,大商所,CS,6,726,21:00,23:00,20231229,4.0
20240102,周二,20231229,XDCE,大商所,EB,12,1452,21:00,23:00,20231229,4.0
20240102,周二,20240101,XDCE,大商所,EB,12,4152,09:01,23:00,20231229,4.0
20240102,周二,20231229,XDCE,大商所,EG,12,1452,21:00,23:00,20231229,4.0
20240102,周二,20240101,XDCE,大商所,EG,12,4152,09:01,23:00,20231229,4.0
20240102,周二,20231229,XDCE,大商所,I,12,1452,21:00,23:00,20231229,4.0
20240102,周二,20240101,XDCE,大商所,I,12,4152,09:01,23:00,20231229,4.0
20240102,周二,20231229,XDCE,大商所,J,12,1452,21:00,23:00,20231229,4.0
20240102,周二,20240101,XDCE,大商所,J,12,4152,09:01,23:00,20231229,4.0
20240102,周二,20231229,XDCE,大商所,JM,12,1452,21:00,23:00,20231229,4.0
20240102,周二,20240101,XDCE,大商所,JM,12,4152,09:01,23:00,20231229,4.0
20240102,周二,20231229,XDCE,大商所,L,12,1452,21:00,23:00,20231229,4.0
20240102,周二,20240101,XDCE,大商所,L,12,4152,09:01,23:00,20231229,4.0
20240102,周二,20231229,XDCE,大商所,M,8,968,21:00,23:00,20231229,4.0
20240102,周二,20240101,XDCE,大商所,M,8,2768,09:01,23:00,20231229,4.0
20240102,周二,20231229,XDCE,大商所,P,12,1452,21:00,23:00,20231229,4.0
20240102,周二,20240101,XDCE,大商所,P,12,4152,09:01,23:00,20231229,4.0
20240102,周二,20231229,XDCE,大商所,PG,12,1452,21:00,23:00,20231229,4.0
20240102,周二,20240101,XDCE,大商所,PG,12,4152,09:01,23:00,20231229,4.0
20240102,周二,20231229,XDCE,大商所,PP,12,1452,21:00,23:00,20231229,4.0
20240102,周二,20240101,XDCE,大商所,PP,12,4152,09:01,23:00,20231229,4.0
20240102,周二,20231229,XDCE,大商所,RR,12,1452,21:00,23:00,20231229,4.0
20240102,周二,20240101,XDCE,大商所,RR,12,4152,09:01,23:00,20231229,4.0
20240102,周二,20231229,XDCE,大商所,V,12,1452,21:00,23:00,20231229,4.0
20240102,周二,20240101,XDCE,大商所,V,12,4152,09:01,23:00,20231229,4.0
20240102,周二,20231229,XDCE,大商所,Y,8,968,21:00,23:00,20231229,4.0
20240102,周二,20240101,XDCE,大商所,Y,8,2768,09:01,23:00,20231229,4.0
20240102,周二,20240101,XSGE,上期所,AG,12,4860,09:01,23:59,20231229,4.0
20240102,周二,20231230,XSGE,上期所,AG,12,1812,00:00,02:30,20231229,4.0
20240102,周二,20231229,XSGE,上期所,AG,12,2160,21:00,23:59,20231229,4.0
20240102,周二,20240101,XSGE,上期所,AL,12,4860,09:01,23:59,20231229,4.0
20240102,周二,20231230,XSGE,上期所,AL,12,732,00:00,01:00,20231229,4.0
20240102,周二,20231229,XSGE,上期所,AL,12,2160,21:00,23:59,20231229,4.0
20240102,周二,20231229,XSGE,上期所,AU,8,1440,21:00,23:59,20231229,4.0
20240102,周二,20240101,XSGE,上期所,AU,8,3240,09:01,23:59,20231229,4.0
20240102,周二,20231230,XSGE,上期所,AU,8,1208,00:00,02:30,20231229,4.0
20240102,周二,20231229,XSGE,上期所,BR,12,1452,21:00,23:00,20231229,4.0
20240102,周二,20240101,XSGE,上期所,BR,12,4152,09:01,23:00,20231229,4.0
20240102,周二,20231229,XSGE,上期所,BU,16,1936,21:00,23:00,20231229,4.0
20240102,周二,20240101,XSGE,上期所,BU,16,5536,09:01,23:00,20231229,4.0
20240102,周二,20231229,XSGE,上期所,CU,12,2160,21:00,23:59,20231229,4.0
20240102,周二,20240101,XSGE,上期所,CU,12,4860,09:01,23:59,20231229,4.0
20240102,周二,20231230,XSGE,上期所,CU,12,732,00:00,01:00,20231229,4.0
20240102,周二,20231229,XSGE,上期所,FU,12,1452,21:00,23:00,20231229,4.0
20240102,周二,20240101,XSGE,上期所,FU,12,4152,09:01,23:00,20231229,4.0
20240102,周二,20231229,XSGE,上期所,HC,12,1452,21:00,23:00,20231229,4.0
20240102,周二,20240101,XSGE,上期所,HC,12,4152,09:01,23:00,20231229,4.0
20240102,周二,20240101,XSGE,上期所,NI,12,4860,09:01,23:59,20231229,4.0
20240102,周二,20231230,XSGE,上期所,NI,12,732,00:00,01:00,20231229,4.0
20240102,周二,20231229,XSGE,上期所,NI,12,2160,21:00,23:59,20231229,4.0
20240102,周二,20240101,XSGE,上期所,PB,12,4860,09:01,23:59,20231229,4.0
20240102,周二,20231230,XSGE,上期所,PB,12,732,00:00,01:00,20231229,4.0
20240102,周二,20231229,XSGE,上期所,PB,12,2160,21:00,23:59,20231229,4.0
20240102,周二,20240101,XSGE,上期所,RB,12,4152,09:01,23:00,20231229,4.0
20240102,周二,20231229,XSGE,上期所,RB,12,1452,21:00,23:00,20231229,4.0
20240102,周二,20231229,XSGE,上期所,RU,10,1210,21:00,23:00,20231229,4.0
20240102,周二,20240101,XSGE,上期所,RU,10,3460,09:01,23:00,20231229,4.0
20240102,周二,20231230,XSGE,上期所,SN,12,732,00:00,01:00,20231229,4.0
20240102,周二,20231229,XSGE,上期所,SN,12,2160,21:00,23:59,20231229,4.0
20240102,周二,20240101,XSGE,上期所,SN,12,4860,09:01,23:59,20231229,4.0
20240102,周二,20231229,XSGE,上期所,SP,12,1452,21:00,23:00,20231229,4.0
20240102,周二,20240101,XSGE,上期所,SP,12,4152,09:01,23:00,20231229,4.0
20240102,周二,20231230,XSGE,上期所,SS,12,732,00:00,01:00,20231229,4.0
20240102,周二,20231229,XSGE,上期所,SS,12,2160,21:00,23:59,20231229,4.0
20240102,周二,20240101,XSGE,上期所,SS,12,4860,09:01,23:59,20231229,4.0
20240102,周二,20231229,XSGE,上期所,ZN,12,2160,21:00,23:59,20231229,4.0
20240102,周二,20240101,XSGE,上期所,ZN,12,4860,09:01,23:59,20231229,4.0
20240102,周二,20231230,XSGE,上期所,ZN,12,732,00:00,01:00,20231229,4.0
20240102,周二,20231230,XSIE,能源中心,BC,12,732,00:00,01:00,20231229,4.0
20240102,周二,20231229,XSIE,能源中心,BC,12,2160,21:00,23:59,20231229,4.0
20240102,周二,20240101,XSIE,能源中心,BC,12,4860,09:01,23:59,20231229,4.0
20240102,周二,20231229,XSIE,能源中心,LU,12,1452,21:00,23:00,20231229,4.0
20240102,周二,20240101,XSIE,能源中心,LU,12,4152,09:01,23:00,20231229,4.0
20240102,周二,20231229,XSIE,能源中心,NR,12,1452,21:00,23:00,20231229,4.0
20240102,周二,20240101,XSIE,能源中心,NR,12,4152,09:01,23:00,20231229,4.0
20240102,周二,20231230,XSIE,能源中心,SC,20,3020,00:00,02:30,20231229,4.0
20240102,周二,20231229,XSIE,能源中心,SC,20,3600,21:00,23:59,20231229,4.0
20240102,周二,20240101,XSIE,能源中心,SC,20,8100,09:01,23:59,20231229,4.0
20240102,周二,20231229,XZCE,郑商所,CF,6,726,21:00,23:00,20231229,4.0
20240102,周二,20240101,XZCE,郑商所,CF,6,2076,09:01,23:00,20231229,4.0
20240102,周二,20231229,XZCE,郑商所,CY,12,1452,21:00,23:00,20231229,4.0
20240102,周二,20240101,XZCE,郑商所,CY,12,4152,09:01,23:00,20231229,4.0
20240102,周二,20231229,XZCE,郑商所,FG,12,1452,21:00,23:00,20231229,4.0
20240102,周二,20240101,XZCE,郑商所,FG,12,4152,09:01,23:00,20231229,4.0
20240102,周二,20231229,XZCE,郑商所,MA,12,1452,21:00,23:00,20231229,4.0
20240102,周二,20240101,XZCE,郑商所,MA,12,4152,09:01,23:00,20231229,4.0
20240102,周二,20231229,XZCE,郑商所,OI,6,726,21:00,23:00,20231229,4.0
20240102,周二,20240101,XZCE,郑商所,OI,6,2076,09:01,23:00,20231229,4.0
20240102,周二,20240101,XZCE,郑商所,PF,12,4152,09:01,23:00,20231229,4.0
20240102,周二,20231229,XZCE,郑商所,PF,12,1452,21:00,23:00,20231229,4.0
20240102,周二,20231229,XZCE,郑商所,PX,8,968,21:00,23:00,20231229,4.0
20240102,周二,20240101,XZCE,郑商所,PX,8,2768,09:01,23:00,20231229,4.0
20240102,周二,20231229,XZCE,郑商所,RM,7,847,21:00,23:00,20231229,4.0
20240102,周二,20240101,XZCE,郑商所,RM,7,2422,09:01,23:00,20231229,4.0
20240102,周二,20231229,XZCE,郑商所,SA,12,1452,21:00,23:00,20231229,4.0
20240102,周二,20240101,XZCE,郑商所,SA,12,4152,09:01,23:00,20231229,4.0
20240102,周二,20231229,XZCE,郑商所,SH,8,968,21:00,23:00,20231229,4.0
20240102,周二,20240101,XZCE,郑商所,SH,8,2768,09:01,23:00,20231229,4.0
20240102,周二,20231229,XZCE,郑商所,SR,6,726,21:00,23:00,20231229,4.0
20240102,周二,20240101,XZCE,郑商所,SR,6,2076,09:01,23:00,20231229,4.0
20240102,周二,20240101,XZCE,郑商所,TA,12,4152,09:01,23:00,20231229,4.0
20240102,周二,20231229,XZCE,郑商所,TA,12,1452,21:00,23:00,20231229,4.0
20240102,周二,20231229,XZCE,郑商所,ZC,12,1452,21:00,23:00,20231229,4.0
20240102,周二,20240101,XZCE,郑商所,ZC,12,4152,09:01,23:00,20231229,4.0
20240219,周一,20240216,XDCE,大商所,A,6,726,21:00,23:00,20240208,11.0
20240219,周一,20240216,XDCE,大商所,B,12,1452,21:00,23:00,20240208,11.0
20240219,周一,20240216,XDCE,大商所,C,6,726,21:00,23:00,20240208,11.0
20240219,周一,20240216,XDCE,大商所,CS,6,726,21:00,23:00,20240208,11.0
20240219,周一,20240216,XDCE,大商所,EB,12,1452,21:00,23:00,20240208,11.0
20240219,周一,20240216,XDCE,大商所,EG,12,1452,21:00,23:00,20240208,11.0
20240219,周一,20240216,XDCE,大商所,I,12,1452,21:00,23:00,20240208,11.0
20240219,周一,20240216,XDCE,大商所,J,12,1452,21:00,23:00,20240208,11.0
20240219,周一,20240216,XDCE,大商所,JM,12,1452,21:00,23:00,20240208,11.0
20240219,周一,20240216,XDCE,大商所,L,12,1452,21:00,23:00,20240208,11.0
20240219,周一,20240216,XDCE,大商所,M,8,968,21:00,23:00,20240208,11.0
20240219,周一,20240216,XDCE,大商所,P,12,1452,21:00,23:00,20240208,11.0
20240219,周一,20240216,XDCE,大商所,PG,12,1452,21:00,23:00,20240208,11.0
20240219,周一,20240216,XDCE,大商所,PP,12,1452,21:00,23:00,20240208,11.0
20240219,周一,20240216,XDCE,大商所,RR,12,1452,21:00,23:00,20240208,11.0
20240219,周一,20240216,XDCE,大商所,V,12,1452,21:00,23:00,20240208,11.0
20240219,周一,20240216,XDCE,大商所,Y,8,968,21:00,23:00,20240208,11.0
20240219,周一,20240217,XSGE,上期所,AG,12,1812,00:00,02:30,20240208,11.0
20240219,周一,20240216,XSGE,上期所,AG,12,2160,21:00,23:59,20240208,11.0
20240219,周一,20240217,XSGE,上期所,AL,12,732,00:00,01:00,20240208,11.0
20240219,周一,20240216,XSGE,上期所,AL,12,2160,21:00,23:59,20240208,11.0
20240219,周一,20240217,XSGE,上期所,AU,8,1208,00:00,02:30,20240208,11.0
20240219,周一,20240216,XSGE,上期所,AU,8,1440,21:00,23:59,20240208,11.0
20240219,周一,20240216,XSGE,上期所,BR,12,1452,21:00,23:00,20240208,11.0
20240219,周一,20240216,XSGE,上期所,BU,16,1936,21:00,23:00,20240208,11.0
20240219,周一,20240217,XSGE,上期所,CU,12,732,00:00,01:00,20240208,11.0
20240219,周一,20240216,XSGE,上期所,CU,12,2160,21:00,23:59,20240208,11.0
20240219,周一,20240216,XSGE,上期所,FU,12,1452,21:00,23:00,20240208,11.0
20240219,周一,20240216,XSGE,上期所,HC,12,1452,21:00,23:00,20240208,11.0
20240219,周一,20240217,XSGE,上期所,NI,12,732,00:00,01:00,20240208,11.0
20240219,周一,20240216,XSGE,上期所,NI,12,2160,21:00,23:59,20240208,11.0
20240219,周一,20240217,XSGE,上期所,PB,12,732,00:00,01:00,20240208,11.0
20240219,周一,20240216,XSGE,上期所,PB,12,2160,21:00,23:59,20240208,11.0
20240219,周一,20240216,XSGE,上期所,RB,12,1452,21:00,23:00,20240208,11.0
20240219,周一,20240216,XSGE,上期所,RU,10,1210,21:00,23:00,20240208,11.0
20240219,周一,20240217,XSGE,上期所,SN,12,732,00:00,01:00,20240208,11.0
20240219,周一,20240216,XSGE,上期所,SN,12,2160,21:00,23:59,20240208,11.0
20240219,周一,20240216,XSGE,上期所,SP,12,1452,21:00,23:00,20240208,11.0
20240219,周一,20240217,XSGE,上期所,SS,12,732,00:00,01:00,20240208,11.0
20240219,周一,20240216,XSGE,上期所,SS,12,2160,21:00,23:59,20240208,11.0
20240219,周一,20240217,XSGE,上期所,ZN,12,732,00:00,01:00,20240208,11.0
20240219,周一,20240216,XSGE,上期所,ZN,12,2160,21:00,23:59,20240208,11.0
20240219,周一,20240217,XSIE,能源中心,BC,12,732,00:00,01:00,20240208,11.0
20240219,周一,20240216,XSIE,能源中心,BC,12,2160,21:00,23:59,20240208,11.0
20240219,周一,20240216,XSIE,能源中心,LU,12,1452,21:00,23:00,20240208,11.0
20240219,周一,20240216,XSIE,能源中心,NR,12,1452,21:00,23:00,20240208,11.0
20240219,周一,20240217,XSIE,能源中心,SC,20,3020,00:00,02:30,20240208,11.0
20240219,周一,20240216,XSIE,能源中心,SC,20,3600,21:00,23:59,20240208,11.0
20240219,周一,20240216,XZCE,郑商所,CF,6,726,21:00,23:00,20240208,11.0
20240219,周一,20240216,XZCE,郑商所,CY,12,1452,21:00,23:00,20240208,11.0
20240219,周一,20240216,XZCE,郑商所,FG,12,1452,21:00,23:00,20240208,11.0
20240219,周一,20240216,XZCE,郑商所,MA,12,1452,21:00,23:00,20240208,11.0
20240219,周一,20240216,XZCE,郑商所,OI,6,726,21:00,23:00,20240208,11.0
20240219,周一,20240216,XZCE,郑商所,PF,12,1452,21:00,23:00,20240208,11.0
20240219,周一,20240216,XZCE,郑商所,PX,9,1089,21:00,23:00,20240208,11.0
20240219,周一,20240216,XZCE,郑商所,RM,7,847,21:00,23:00,20240208,11.0
20240219,周一,20240216,XZCE,郑商所,SA,12,1452,21:00,23:00,20240208,11.0
20240219,周一,20240216,XZCE,郑商所,SH,9,1089,21:00,23:00,20240208,11.0
20240219,周一,20240216,XZCE,郑商所,SR,6,726,21:00,23:00,20240208,11.0
20240219,周一,20240216,XZCE,郑商所,TA,12,1452,21:00,23:00,20240208,11.0
20240219,周一,20240216,XZCE,郑商所,ZC,12,1452,21:00,23:00,20240208,11.0
20240408,周一,20240405,XDCE,大商所,A,6,726,21:00,23:00,20240403,5.0
20240408,周一,20240405,XDCE,大商所,B,12,1452,21:00,23:00,20240403,5.0
20240408,周一,20240405,XDCE,大商所,C,6,726,21:00,23:00,20240403,5.0
20240408,周一,20240405,XDCE,大商所,CS,6,726,21:00,23:00,20240403,5.0
20240408,周一,20240405,XDCE,大商所,EB,12,1452,21:00,23:00,20240403,5.0
20240408,周一,20240405,XDCE,大商所,EG,12,1452,21:00,23:00,20240403,5.0
20240408,周一,20240405,XDCE,大商所,I,12,1452,21:00,23:00,20240403,5.0
20240408,周一,20240405,XDCE,大商所,J,12,1452,21:00,23:00,20240403,5.0
20240408,周一,20240405,XDCE,大商所,JM,12,1452,21:00,23:00,20240403,5.0
20240408,周一,20240405,XDCE,大商所,L,12,1452,21:00,23:00,20240403,5.0
20240408,周一,20240405,XDCE,大商所,M,8,968,21:00,23:00,20240403,5.0
20240408,周一,20240405,XDCE,大商所,P,12,1452,21:00,23:00,20240403,5.0
20240408,周一,20240405,XDCE,大商所,PG,12,1452,21:00,23:00,20240403,5.0
20240408,周一,20240405,XDCE,大商所,PP,12,1452,21:00,23:00,20240403,5.0
20240408,周一,20240405,XDCE,大商所,RR,12,1452,21:00,23:00,20240403,5.0
20240408,周一,20240405,XDCE,大商所,V,12,1452,21:00,23:00,20240403,5.0
20240408,周一,20240405,XDCE,大商所,Y,8,968,21:00,23:00,20240403,5.0
20240408,周一,20240406,XSGE,上期所,AG,12,1812,00:00,02:30,20240403,5.0
20240408,周一,20240405,XSGE,上期所,AG,12,2160,21:00,23:59,20240403,5.0
20240408,周一,20240406,XSGE,上期所,AL,12,732,00:00,01:00,20240403,5.0
20240408,周一,20240405,XSGE,上期所,AL,12,2160,21:00,23:59,20240403,5.0
20240408,周一,20240406,XSGE,上期所,AU,8,1208,00:00,02:30,20240403,5.0
20240408,周一,20240405,XSGE,上期所,AU,8,1440,21:00,23:59,20240403,5.0
20240408,周一,20240405,XSGE,上期所,BR,12,1452,21:00,23:00,20240403,5.0
20240408,周一,20240405,XSGE,上期所,BU,16,1936,21:00,23:00,20240403,5.0
20240408,周一,20240406,XSGE,上期所,CU,12,732,00:00,01:00,20240403,5.0
20240408,周一,20240405,XSGE,上期所,CU,12,2160,21:00,23:59,20240403,5.0
20240408,周一,20240405,XSGE,上期所,FU,12,1452,21:00,23:00,20240403,5.0
20240408,周一,20240405,XSGE,上期所,HC,12,1452,21:00,23:00,20240403,5.0
20240408,周一,20240406,XSGE,上期所,NI,12,732,00:00,01:00,20240403,5.0
20240408,周一,20240405,XSGE,上期所,NI,12,2160,21:00,23:59,20240403,5.0
20240408,周一,20240405,XSGE,上期所,PB,12,2160,21:00,23:59,20240403,5.0
20240408,周一,20240406,XSGE,上期所,PB,12,732,00:00,01:00,20240403,5.0
20240408,周一,20240405,XSGE,上期所,RB,12,1452,21:00,23:00,20240403,5.0
20240408,周一,20240405,XSGE,上期所,RU,10,1210,21:00,23:00,20240403,5.0
20240408,周一,20240406,XSGE,上期所,SN,12,732,00:00,01:00,20240403,5.0
20240408,周一,20240405,XSGE,上期所,SN,12,2160,21:00,23:59,20240403,5.0
20240408,周一,20240405,XSGE,上期所,SP,12,1452,21:00,23:00,20240403,5.0
20240408,周一,20240406,XSGE,上期所,SS,12,732,00:00,01:00,20240403,5.0
20240408,周一,20240405,XSGE,上期所,SS,12,2160,21:00,23:59,20240403,5.0
20240408,周一,20240406,XSGE,上期所,ZN,12,732,00:00,01:00,20240403,5.0
20240408,周一,20240405,XSGE,上期所,ZN,12,2160,21:00,23:59,20240403,5.0
20240408,周一,20240406,XSIE,能源中心,BC,12,732,00:00,01:00,20240403,5.0
20240408,周一,20240405,XSIE,能源中心,BC,12,2160,21:00,23:59,20240403,5.0
20240408,周一,20240405,XSIE,能源中心,LU,12,1452,21:00,23:00,20240403,5.0
20240408,周一,20240405,XSIE,能源中心,NR,12,1452,21:00,23:00,20240403,5.0
20240408,周一,20240406,XSIE,能源中心,SC,20,3020,00:00,02:30,20240403,5.0
20240408,周一,20240405,XSIE,能源中心,SC,20,3600,21:00,23:59,20240403,5.0
20240408,周一,20240405,XZCE,郑商所,CF,6,726,21:00,23:00,20240403,5.0
20240408,周一,20240405,XZCE,郑商所,CY,12,1452,21:00,23:00,20240403,5.0
20240408,周一,20240405,XZCE,郑商所,FG,12,1452,21:00,23:00,20240403,5.0
20240408,周一,20240405,XZCE,郑商所,MA,12,1452,21:00,23:00,20240403,5.0
20240408,周一,20240405,XZCE,郑商所,OI,6,726,21:00,23:00,20240403,5.0
20240408,周一,20240405,XZCE,郑商所,PF,12,1452,21:00,23:00,20240403,5.0
20240408,周一,20240405,XZCE,郑商所,PX,11,1331,21:00,23:00,20240403,5.0
20240408,周一,20240405,XZCE,郑商所,RM,7,847,21:00,23:00,20240403,5.0
20240408,周一,20240405,XZCE,郑商所,SA,12,1452,21:00,23:00,20240403,5.0
20240408,周一,20240405,XZCE,郑商所,SH,11,1331,21:00,23:00,20240403,5.0
20240408,周一,20240405,XZCE,郑商所,SR,6,726,21:00,23:00,20240403,5.0
20240408,周一,20240405,XZCE,郑商所,TA,12,1452,21:00,23:00,20240403,5.0
20240408,周一,20240405,XZCE,郑商所,ZC,12,1452,21:00,23:00,20240403,5.0
20240506,周一,20240503,XDCE,大商所,A,6,726,21:00,23:00,20240430,6.0
20240506,周一,20240503,XDCE,大商所,B,12,1452,21:00,23:00,20240430,6.0
20240506,周一,20240503,XDCE,大商所,C,6,726,21:00,23:00,20240430,6.0
20240506,周一,20240503,XDCE,大商所,CS,6,726,21:00,23:00,20240430,6.0
20240506,周一,20240503,XDCE,大商所,EB,12,1452,21:00,23:00,20240430,6.0
20240506,周一,20240503,XDCE,大商所,EG,12,1452,21:00,23:00,20240430,6.0
20240506,周一,20240503,XDCE,大商所,I,12,1452,21:00,23:00,20240430,6.0
20240506,周一,20240503,XDCE,大商所,J,12,1452,21:00,23:00,20240430,6.0
20240506,周一,20240503,XDCE,大商所,JM,12,1452,21:00,23:00,20240430,6.0
20240506,周一,20240503,XDCE,大商所,L,12,1452,21:00,23:00,20240430,6.0
20240506,周一,20240503,XDCE,大商所,M,8,968,21:00,23:00,20240430,6.0
20240506,周一,20240503,XDCE,大商所,P,12,1452,21:00,23:00,20240430,6.0
20240506,周一,20240503,XDCE,大商所,PG,12,1452,21:00,23:00,20240430,6.0
20240506,周一,20240503,XDCE,大商所,PP,12,1452,21:00,23:00,20240430,6.0
20240506,周一,20240503,XDCE,大商所,RR,12,1452,21:00,23:00,20240430,6.0
20240506,周一,20240503,XDCE,大商所,V,12,1452,21:00,23:00,20240430,6.0
20240506,周一,20240503,XDCE,大商所,Y,8,968,21:00,23:00,20240430,6.0
20240506,周一,20240504,XSGE,上期所,AG,12,1812,00:00,02:30,20240430,6.0
20240506,周一,20240503,XSGE,上期所,AG,12,2160,21:00,23:59,20240430,6.0
20240506,周一,20240504,XSGE,上期所,AL,12,732,00:00,01:00,20240430,6.0
20240506,周一,20240503,XSGE,上期所,AL,12,2160,21:00,23:59,20240430,6.0
20240506,周一,20240504,XSGE,上期所,AU,8,1208,00:00,02:30,20240430,6.0
20240506,周一,20240503,XSGE,上期所,AU,8,1440,21:00,23:59,20240430,6.0
20240506,周一,20240503,XSGE,上期所,BR,12,1452,21:00,23:00,20240430,6.0
20240506,周一,20240503,XSGE,上期所,BU,16,1936,21:00,23:00,20240430,6.0
20240506,周一,20240504,XSGE,上期所,CU,12,732,00:00,01:00,20240430,6.0
20240506,周一,20240503,XSGE,上期所,CU,12,2160,21:00,23:59,20240430,6.0
20240506,周一,20240503,XSGE,上期所,FU,12,1452,21:00,23:00,20240430,6.0
20240506,周一,20240503,XSGE,上期所,HC,12,1452,21:00,23:00,20240430,6.0
20240506,周一,20240504,XSGE,上期所,NI,12,732,00:00,01:00,20240430,6.0
20240506,周一,20240503,XSGE,上期所,NI,12,2160,21:00,23:59,20240430,6.0
20240506,周一,20240504,XSGE,上期所,PB,12,732,00:00,01:00,20240430,6.0
20240506,周一,20240503,XSGE,上期所,PB,12,2160,21:00,23:59,20240430,6.0
20240506,周一,20240503,XSGE,上期所,RB,12,1452,21:00,23:00,20240430,6.0
20240506,周一,20240503,XSGE,上期所,RU,10,1210,21:00,23:00,20240430,6.0
20240506,周一,20240504,XSGE,上期所,SN,12,732,00:00,01:00,20240430,6.0
20240506,周一,20240503,XSGE,上期所,SN,12,2160,21:00,23:59,20240430,6.0
20240506,周一,20240503,XSGE,上期所,SP,12,1452,21:00,23:00,20240430,6.0
20240506,周一,20240504,XSGE,上期所,SS,12,732,00:00,01:00,20240430,6.0
20240506,周一,20240503,XSGE,上期所,SS,12,2160,21:00,23:59,20240430,6.0
20240506,周一,20240504,XSGE,上期所,ZN,12,732,00:00,01:00,20240430,6.0
20240506,周一,20240503,XSGE,上期所,ZN,12,2160,21:00,23:59,20240430,6.0
20240506,周一,20240504,XSIE,能源中心,BC,12,732,00:00,01:00,20240430,6.0
20240506,周一,20240503,XSIE,能源中心,BC,12,2160,21:00,23:59,20240430,6.0
20240506,周一,20240503,XSIE,能源中心,LU,12,1452,21:00,23:00,20240430,6.0
20240506,周一,20240503,XSIE,能源中心,NR,12,1452,21:00,23:00,20240430,6.0
20240506,周一,20240504,XSIE,能源中心,SC,20,3020,00:00,02:30,20240430,6.0
20240506,周一,20240503,XSIE,能源中心,SC,20,3600,21:00,23:59,20240430,6.0
20240506,周一,20240503,XZCE,郑商所,CF,6,726,21:00,23:00,20240430,6.0
20240506,周一,20240503,XZCE,郑商所,CY,12,1452,21:00,23:00,20240430,6.0
20240506,周一,20240503,XZCE,郑商所,FG,12,1452,21:00,23:00,20240430,6.0
20240506,周一,20240503,XZCE,郑商所,MA,12,1452,21:00,23:00,20240430,6.0
20240506,周一,20240503,XZCE,郑商所,OI,6,726,21:00,23:00,20240430,6.0
20240506,周一,20240503,XZCE,郑商所,PF,12,1452,21:00,23:00,20240430,6.0
20240506,周一,20240503,XZCE,郑商所,PX,12,1452,21:00,23:00,20240430,6.0
20240506,周一,20240503,XZCE,郑商所,RM,7,847,21:00,23:00,20240430,6.0
20240506,周一,20240503,XZCE,郑商所,SA,12,1452,21:00,23:00,20240430,6.0
20240506,周一,20240503,XZCE,郑商所,SH,12,1452,21:00,23:00,20240430,6.0
20240506,周一,20240503,XZCE,郑商所,SR,6,726,21:00,23:00,20240430,6.0
20240506,周一,20240503,XZCE,郑商所,TA,12,1452,21:00,23:00,20240430,6.0
20240506,周一,20240503,XZCE,郑商所,ZC,12,1452,21:00,23:00,20240430,6.0
20240611,周二,20240610,XDCE,大商所,A,6,726,21:00,23:00,20240607,4.0
20240611,周二,20240610,XDCE,大商所,B,12,1452,21:00,23:00,20240607,4.0
20240611,周二,20240610,XDCE,大商所,C,6,726,21:00,23:00,20240607,4.0
20240611,周二,20240610,XDCE,大商所,CS,6,726,21:00,23:00,20240607,4.0
20240611,周二,20240610,XDCE,大商所,EB,12,1452,21:00,23:00,20240607,4.0
20240611,周二,20240610,XDCE,大商所,EG,12,1452,21:00,23:00,20240607,4.0
20240611,周二,20240610,XDCE,大商所,I,12,1452,21:00,23:00,20240607,4.0
20240611,周二,20240610,XDCE,大商所,J,12,1452,21:00,23:00,20240607,4.0
20240611,周二,20240610,XDCE,大商所,JM,12,1452,21:00,23:00,20240607,4.0
20240611,周二,20240610,XDCE,大商所,L,12,1452,21:00,23:00,20240607,4.0
20240611,周二,20240610,XDCE,大商所,M,8,968,21:00,23:00,20240607,4.0
20240611,周二,20240610,XDCE,大商所,P,12,1452,21:00,23:00,20240607,4.0
20240611,周二,20240610,XDCE,大商所,PG,12,1452,21:00,23:00,20240607,4.0
20240611,周二,20240610,XDCE,大商所,PP,12,1452,21:00,23:00,20240607,4.0
20240611,周二,20240610,XDCE,大商所,RR,12,1452,21:00,23:00,20240607,4.0
20240611,周二,20240610,XDCE,大商所,V,12,1452,21:00,23:00,20240607,4.0
20240611,周二,20240610,XDCE,大商所,Y,8,968,21:00,23:00,20240607,4.0
20240611,周二,20240610,XSGE,上期所,AG,12,2160,21:00,23:59,20240607,4.0
20240611,周二,20240610,XSGE,上期所,AL,12,2160,21:00,23:59,20240607,4.0
20240611,周二,20240610,XSGE,上期所,AU,8,1440,21:00,23:59,20240607,4.0
20240611,周二,20240610,XSGE,上期所,BR,12,1452,21:00,23:00,20240607,4.0
20240611,周二,20240610,XSGE,上期所,BU,16,1936,21:00,23:00,20240607,4.0
20240611,周二,20240610,XSGE,上期所,CU,12,2160,21:00,23:59,20240607,4.0
20240611,周二,20240610,XSGE,上期所,FU,12,1452,21:00,23:00,20240607,4.0
20240611,周二,20240610,XSGE,上期所,HC,12,1452,21:00,23:00,20240607,4.0
20240611,周二,20240610,XSGE,上期所,NI,12,2160,21:00,23:59,20240607,4.0
20240611,周二,20240610,XSGE,上期所,PB,12,2160,21:00,23:59,20240607,4.0
20240611,周二,20240610,XSGE,上期所,RB,12,1452,21:00,23:00,20240607,4.0
20240611,周二,20240610,XSGE,上期所,RU,10,1210,21:00,23:00,20240607,4.0
20240611,周二,20240610,XSGE,上期所,SN,12,2160,21:00,23:59,20240607,4.0
20240611,周二,20240610,XSGE,上期所,SP,12,1452,21:00,23:00,20240607,4.0
20240611,周二,20240610,XSGE,上期所,SS,12,2160,21:00,23:59,20240607,4.0
20240611,周二,20240610,XSGE,上期所,ZN,12,2160,21:00,23:59,20240607,4.0
20240611,周二,20240610,XSIE,能源中心,BC,12,2160,21:00,23:59,20240607,4.0
20240611,周二,20240610,XSIE,能源中心,LU,12,1452,21:00,23:00,20240607,4.0
20240611,周二,20240610,XSIE,能源中心,NR,12,1452,21:00,23:00,20240607,4.0
20240611,周二,20240610,XSIE,能源中心,SC,20,3600,21:00,23:59,20240607,4.0
20240611,周二,20240610,XZCE,郑商所,CF,6,726,21:00,23:00,20240607,4.0
20240611,周二,20240610,XZCE,郑商所,CY,12,1452,21:00,23:00,20240607,4.0
20240611,周二,20240610,XZCE,郑商所,FG,12,1452,21:00,23:00,20240607,4.0
20240611,周二,20240610,XZCE,郑商所,MA,12,1452,21:00,23:00,20240607,4.0
20240611,周二,20240610,XZCE,郑商所,OI,6,726,21:00,23:00,20240607,4.0
20240611,周二,20240610,XZCE,郑商所,PF,12,1452,21:00,23:00,20240607,4.0
20240611,周二,20240610,XZCE,郑商所,PX,12,1452,21:00,23:00,20240607,4.0
20240611,周二,20240610,XZCE,郑商所,RM,7,847,21:00,23:00,20240607,4.0
20240611,周二,20240610,XZCE,郑商所,SA,12,1452,21:00,23:00,20240607,4.0
20240611,周二,20240610,XZCE,郑商所,SH,12,1452,21:00,23:00,20240607,4.0
20240611,周二,20240610,XZCE,郑商所,SR,6,726,21:00,23:00,20240607,4.0
20240611,周二,20240610,XZCE,郑商所,TA,12,1452,21:00,23:00,20240607,4.0
20240611,周二,20240610,XZCE,郑商所,ZC,12,1452,21:00,23:00,20240607,4.0
20240918,周三,20240917,XDCE,大商所,A,6,726,21:00,23:00,20240913,5.0
20240918,周三,20240917,XDCE,大商所,B,12,1452,21:00,23:00,20240913,5.0
20240918,周三,20240917,XDCE,大商所,C,6,726,21:00,23:00,20240913,5.0
20240918,周三,20240917,XDCE,大商所,CS,6,726,21:00,23:00,20240913,5.0
20240918,周三,20240917,XDCE,大商所,EB,12,1452,21:00,23:00,20240913,5.0
20240918,周三,20240917,XDCE,大商所,EG,12,1452,21:00,23:00,20240913,5.0
20240918,周三,20240917,XDCE,大商所,I,12,1452,21:00,23:00,20240913,5.0
20240918,周三,20240917,XDCE,大商所,J,12,1452,21:00,23:00,20240913,5.0
20240918,周三,20240917,XDCE,大商所,JM,12,1452,21:00,23:00,20240913,5.0
20240918,周三,20240917,XDCE,大商所,L,12,1452,21:00,23:00,20240913,5.0
20240918,周三,20240917,XDCE,大商所,M,8,968,21:00,23:00,20240913,5.0
20240918,周三,20240917,XDCE,大商所,P,12,1452,21:00,23:00,20240913,5.0
20240918,周三,20240917,XDCE,大商所,PG,12,1452,21:00,23:00,20240913,5.0
20240918,周三,20240917,XDCE,大商所,PP,12,1452,21:00,23:00,20240913,5.0
20240918,周三,20240917,XDCE,大商所,RR,12,1452,21:00,23:00,20240913,5.0
20240918,周三,20240917,XDCE,大商所,V,12,1452,21:00,23:00,20240913,5.0
20240918,周三,20240917,XDCE,大商所,Y,8,968,21:00,23:00,20240913,5.0
20240918,周三,20240917,XSGE,上期所,AG,12,2160,21:00,23:59,20240913,5.0
20240918,周三,20240917,XSGE,上期所,AL,12,2160,21:00,23:59,20240913,5.0
20240918,周三,20240917,XSGE,上期所,AU,8,1440,21:00,23:59,20240913,5.0
20240918,周三,20240917,XSGE,上期所,BR,12,1452,21:00,23:00,20240913,5.0
20240918,周三,20240917,XSGE,上期所,BU,16,1936,21:00,23:00,20240913,5.0
20240918,周三,20240917,XSGE,上期所,CU,12,2160,21:00,23:59,20240913,5.0
20240918,周三,20240917,XSGE,上期所,FU,12,1452,21:00,23:00,20240913,5.0
20240918,周三,20240917,XSGE,上期所,HC,12,1452,21:00,23:00,20240913,5.0
20240918,周三,20240917,XSGE,上期所,NI,12,2160,21:00,23:59,20240913,5.0
20240918,周三,20240917,XSGE,上期所,PB,12,2160,21:00,23:59,20240913,5.0
20240918,周三,20240917,XSGE,上期所,RB,12,1452,21:00,23:00,20240913,5.0
20240918,周三,20240917,XSGE,上期所,RU,10,1210,21:00,23:00,20240913,5.0
20240918,周三,20240917,XSGE,上期所,SN,12,2160,21:00,23:59,20240913,5.0
20240918,周三,20240917,XSGE,上期所,SP,12,1452,21:00,23:00,20240913,5.0
20240918,周三,20240917,XSGE,上期所,SS,12,2160,21:00,23:59,20240913,5.0
20240918,周三,20240917,XSGE,上期所,ZN,12,2160,21:00,23:59,20240913,5.0
20240918,周三,20240917,XSIE,能源中心,BC,12,2160,21:00,23:59,20240913,5.0
20240918,周三,20240917,XSIE,能源中心,LU,12,1452,21:00,23:00,20240913,5.0
20240918,周三,20240917,XSIE,能源中心,NR,12,1452,21:00,23:00,20240913,5.0
20240918,周三,20240917,XSIE,能源中心,SC,20,3600,21:00,23:59,20240913,5.0
20240918,周三,20240917,XZCE,郑商所,CF,6,726,21:00,23:00,20240913,5.0
20240918,周三,20240917,XZCE,郑商所,CY,12,1452,21:00,23:00,20240913,5.0
20240918,周三,20240917,XZCE,郑商所,FG,12,1452,21:00,23:00,20240913,5.0
20240918,周三,20240917,XZCE,郑商所,MA,12,1452,21:00,23:00,20240913,5.0
20240918,周三,20240917,XZCE,郑商所,OI,6,726,21:00,23:00,20240913,5.0
20240918,周三,20240917,XZCE,郑商所,PF,12,1452,21:00,23:00,20240913,5.0
20240918,周三,20240917,XZCE,郑商所,PR,7,847,21:00,23:00,20240913,5.0
20240918,周三,20240917,XZCE,郑商所,PX,12,1452,21:00,23:00,20240913,5.0
20240918,周三,20240917,XZCE,郑商所,RM,7,847,21:00,23:00,20240913,5.0
20240918,周三,20240917,XZCE,郑商所,SA,12,1452,21:00,23:00,20240913,5.0
20240918,周三,20240917,XZCE,郑商所,SH,12,1452,21:00,23:00,20240913,5.0
20240918,周三,20240917,XZCE,郑商所,SR,6,726,21:00,23:00,20240913,5.0
20240918,周三,20240917,XZCE,郑商所,TA,12,1452,21:00,23:00,20240913,5.0
20240918,周三,20240917,XZCE,郑商所,ZC,12,1452,21:00,23:00,20240913,5.0
20241008,周二,20241007,XDCE,大商所,A,6,726,21:00,23:00,20240930,8.0
20241008,周二,20241007,XDCE,大商所,B,12,1452,21:00,23:00,20240930,8.0
20241008,周二,20241007,XDCE,大商所,C,6,726,21:00,23:00,20240930,8.0
20241008,周二,20241007,XDCE,大商所,CS,6,726,21:00,23:00,20240930,8.0
20241008,周二,20241007,XDCE,大商所,EB,12,1452,21:00,23:00,20240930,8.0
20241008,周二,20241007,XDCE,大商所,EG,12,1452,21:00,23:00,20240930,8.0
20241008,周二,20241007,XDCE,大商所,I,12,1452,21:00,23:00,20240930,8.0
20241008,周二,20241007,XDCE,大商所,J,12,1452,21:00,23:00,20240930,8.0
20241008,周二,20241007,XDCE,大商所,JM,12,1452,21:00,23:00,20240930,8.0
20241008,周二,20241007,XDCE,大商所,L,12,1452,21:00,23:00,20240930,8.0
20241008,周二,20241007,XDCE,大商所,M,8,968,21:00,23:00,20240930,8.0
20241008,周二,20241007,XDCE,大商所,P,12,1452,21:00,23:00,20240930,8.0
20241008,周二,20241007,XDCE,大商所,PG,12,1452,21:00,23:00,20240930,8.0
20241008,周二,20241007,XDCE,大商所,PP,12,1452,21:00,23:00,20240930,8.0
20241008,周二,20241007,XDCE,大商所,RR,12,1452,21:00,23:00,20240930,8.0
20241008,周二,20241007,XDCE,大商所,V,12,1452,21:00,23:00,20240930,8.0
20241008,周二,20241007,XDCE,大商所,Y,8,968,21:00,23:00,20240930,8.0
20241008,周二,20241007,XSGE,上期所,AG,12,2160,21:00,23:59,20240930,8.0
20241008,周二,20241007,XSGE,上期所,AL,12,2160,21:00,23:59,20240930,8.0
20241008,周二,20241007,XSGE,上期所,AU,8,1440,21:00,23:59,20240930,8.0
20241008,周二,20241007,XSGE,上期所,BR,12,1452,21:00,23:00,20240930,8.0
20241008,周二,20241007,XSGE,上期所,BU,16,1936,21:00,23:00,20240930,8.0
20241008,周二,20241007,XSGE,上期所,CU,12,2160,21:00,23:59,20240930,8.0
20241008,周二,20241007,XSGE,上期所,FU,12,1452,21:00,23:00,20240930,8.0
20241008,周二,20241007,XSGE,上期所,HC,12,1452,21:00,23:00,20240930,8.0
20241008,周二,20241007,XSGE,上期所,NI,12,2160,21:00,23:59,20240930,8.0
20241008,周二,20241007,XSGE,上期所,PB,12,2160,21:00,23:59,20240930,8.0
20241008,周二,20241007,XSGE,上期所,RB,12,1452,21:00,23:00,20240930,8.0
20241008,周二,20241007,XSGE,上期所,RU,10,1210,21:00,23:00,20240930,8.0
20241008,周二,20241007,XSGE,上期所,SN,12,2160,21:00,23:59,20240930,8.0
20241008,周二,20241007,XSGE,上期所,SP,12,1452,21:00,23:00,20240930,8.0
20241008,周二,20241007,XSGE,上期所,SS,12,2160,21:00,23:59,20240930,8.0
20241008,周二,20241007,XSGE,上期所,ZN,12,2160,21:00,23:59,20240930,8.0
20241008,周二,20241007,XSIE,能源中心,BC,12,2160,21:00,23:59,20240930,8.0
20241008,周二,20241007,XSIE,能源中心,LU,12,1452,21:00,23:00,20240930,8.0
20241008,周二,20241007,XSIE,能源中心,NR,12,1452,21:00,23:00,20240930,8.0
20241008,周二,20241007,XSIE,能源中心,SC,20,3600,21:00,23:59,20240930,8.0
20241008,周二,20241007,XZCE,郑商所,CF,6,726,21:00,23:00,20240930,8.0
20241008,周二,20241007,XZCE,郑商所,CY,12,1452,21:00,23:00,20240930,8.0
20241008,周二,20241007,XZCE,郑商所,FG,12,1452,21:00,23:00,20240930,8.0
20241008,周二,20241007,XZCE,郑商所,MA,12,1452,21:00,23:00,20240930,8.0
20241008,周二,20241007,XZCE,郑商所,OI,6,726,21:00,23:00,20240930,8.0
20241008,周二,20241007,XZCE,郑商所,PF,12,1452,21:00,23:00,20240930,8.0
20241008,周二,20241007,XZCE,郑商所,PR,7,847,21:00,23:00,20240930,8.0
20241008,周二,20241007,XZCE,郑商所,PX,12,1452,21:00,23:00,20240930,8.0
20241008,周二,20241007,XZCE,郑商所,RM,7,847,21:00,23:00,20240930,8.0
20241008,周二,20241007,XZCE,郑商所,SA,12,1452,21:00,23:00,20240930,8.0
20241008,周二,20241007,XZCE,郑商所,SH,12,1452,21:00,23:00,20240930,8.0
20241008,周二,20241007,XZCE,郑商所,SR,6,726,21:00,23:00,20240930,8.0
20241008,周二,20241007,XZCE,郑商所,TA,12,1452,21:00,23:00,20240930,8.0
20241008,周二,20241007,XZCE,郑商所,ZC,12,1452,21:00,23:00,20240930,8.0
20250102,周四,20250101,XDCE,大商所,A,6,2076,09:01,23:00,20241231,2.0
20250102,周四,20241231,XDCE,大商所,A,6,726,21:00,23:00,20241231,2.0
20250102,周四,20250101,XDCE,大商所,B,12,4152,09:01,23:00,20241231,2.0
20250102,周四,20241231,XDCE,大商所,B,12,1452,21:00,23:00,20241231,2.0
20250102,周四,20250101,XDCE,大商所,C,6,2076,09:01,23:00,20241231,2.0
20250102,周四,20241231,XDCE,大商所,C,6,726,21:00,23:00,20241231,2.0
20250102,周四,20250101,XDCE,大商所,CS,6,2076,09:01,23:00,20241231,2.0
20250102,周四,20241231,XDCE,大商所,CS,6,726,21:00,23:00,20241231,2.0
20250102,周四,20250101,XDCE,大商所,EB,12,4152,09:01,23:00,20241231,2.0
20250102,周四,20241231,XDCE,大商所,EB,12,1452,21:00,23:00,20241231,2.0
20250102,周四,20250101,XDCE,大商所,EG,12,4152,09:01,23:00,20241231,2.0
20250102,周四,20241231,XDCE,大商所,EG,12,1452,21:00,23:00,20241231,2.0
20250102,周四,20250101,XDCE,大商所,I,12,4152,09:01,23:00,20241231,2.0
20250102,周四,20241231,XDCE,大商所,I,12,1452,21:00,23:00,20241231,2.0
20250102,周四,20250101,XDCE,大商所,J,12,4152,09:01,23:00,20241231,2.0
20250102,周四,20241231,XDCE,大商所,J,12,1452,21:00,23:00,20241231,2.0
20250102,周四,20250101,XDCE,大商所,JM,12,4152,09:01,23:00,20241231,2.0
20250102,周四,20241231,XDCE,大商所,JM,12,1452,21:00,23:00,20241231,2.0
20250102,周四,20250101,XDCE,大商所,L,12,4152,09:01,23:00,20241231,2.0
20250102,周四,20241231,XDCE,大商所,L,12,1452,21:00,23:00,20241231,2.0
20250102,周四,20250101,XDCE,大商所,M,8,2768,09:01,23:00,20241231,2.0
20250102,周四,20241231,XDCE,大商所,M,8,968,21:00,23:00,20241231,2.0
20250102,周四,20250101,XDCE,大商所,P,12,4152,09:01,23:00,20241231,2.0
20250102,周四,20241231,XDCE,大商所,P,12,1452,21:00,23:00,20241231,2.0
20250102,周四,20250101,XDCE,大商所,PG,12,4152,09:01,23:00,20241231,2.0
20250102,周四,20241231,XDCE,大商所,PG,12,1452,21:00,23:00,20241231,2.0
20250102,周四,20250101,XDCE,大商所,PP,12,4152,09:01,23:00,20241231,2.0
20250102,周四,20241231,XDCE,大商所,PP,12,1452,21:00,23:00,20241231,2.0
20250102,周四,20250101,XDCE,大商所,RR,12,4152,09:01,23:00,20241231,2.0
20250102,周四,20241231,XDCE,大商所,RR,12,1452,21:00,23:00,20241231,2.0
20250102,周四,20250101,XDCE,大商所,V,12,4152,09:01,23:00,20241231,2.0
20250102,周四,20241231,XDCE,大商所,V,12,1452,21:00,23:00,20241231,2.0
20250102,周四,20250101,XDCE,大商所,Y,8,2768,09:01,23:00,20241231,2.0
20250102,周四,20241231,XDCE,大商所,Y,8,968,21:00,23:00,20241231,2.0
20250102,周四,20250101,XSGE,上期所,AG,12,6672,00:00,23:59,20241231,2.0
20250102,周四,20241231,XSGE,上期所,AG,12,2160,21:00,23:59,20241231,2.0
20250102,周四,20250101,XSGE,上期所,AL,12,5592,00:00,23:59,20241231,2.0
20250102,周四,20241231,XSGE,上期所,AL,12,2160,21:00,23:59,20241231,2.0
20250102,周四,20241231,XSGE,上期所,AU,8,1440,21:00,23:59,20241231,2.0
20250102,周四,20250101,XSGE,上期所,AU,8,4448,00:00,23:59,20241231,2.0
20250102,周四,20250101,XSGE,上期所,BR,12,4152,09:01,23:00,20241231,2.0
20250102,周四,20241231,XSGE,上期所,BR,12,1452,21:00,23:00,20241231,2.0
20250102,周四,20250101,XSGE,上期所,BU,16,5536,09:01,23:00,20241231,2.0
20250102,周四,20241231,XSGE,上期所,BU,16,1936,21:00,23:00,20241231,2.0
20250102,周四,20241231,XSGE,上期所,CU,12,2160,21:00,23:59,20241231,2.0
20250102,周四,20250101,XSGE,上期所,CU,12,5592,00:00,23:59,20241231,2.0
20250102,周四,20250101,XSGE,上期所,FU,12,4152,09:01,23:00,20241231,2.0
20250102,周四,20241231,XSGE,上期所,FU,12,1452,21:00,23:00,20241231,2.0
20250102,周四,20250101,XSGE,上期所,HC,12,4152,09:01,23:00,20241231,2.0
20250102,周四,20241231,XSGE,上期所,HC,12,1452,21:00,23:00,20241231,2.0
20250102,周四,20250101,XSGE,上期所,NI,12,5592,00:00,23:59,20241231,2.0
20250102,周四,20241231,XSGE,上期所,NI,12,2160,21:00,23:59,20241231,2.0
20250102,周四,20250101,XSGE,上期所,PB,12,5592,00:00,23:59,20241231,2.0
20250102,周四,20241231,XSGE,上期所,PB,12,2160,21:00,23:59,20241231,2.0
20250102,周四,20250101,XSGE,上期所,RB,12,4152,09:01,23:00,20241231,2.0
20250102,周四,20241231,XSGE,上期所,RB,12,1452,21:00,23:00,20241231,2.0
20250102,周四,20241231,XSGE,上期所,RU,10,1210,21:00,23:00,20241231,2.0
20250102,周四,20250101,XSGE,上期所,RU,10,3460,09:01,23:00,20241231,2.0
20250102,周四,20250101,XSGE,上期所,SN,12,5592,00:00,23:59,20241231,2.0
20250102,周四,20241231,XSGE,上期所,SN,12,2160,21:00,23:59,20241231,2.0
20250102,周四,20250101,XSGE,上期所,SP,12,4152,09:01,23:00,20241231,2.0
20250102,周四,20241231,XSGE,上期所,SP,12,1452,21:00,23:00,20241231,2.0
20250102,周四,20250101,XSGE,上期所,SS,12,5592,00:00,23:59,20241231,2.0
20250102,周四,20241231,XSGE,上期所,SS,12,2160,21:00,23:59,20241231,2.0
20250102,周四,20241231,XSGE,上期所,ZN,12,2160,21:00,23:59,20241231,2.0
20250102,周四,20250101,XSGE,上期所,ZN,12,5592,00:00,23:59,20241231,2.0
20250102,周四,20250101,XSIE,能源中心,BC,12,5592,00:00,23:59,20241231,2.0
20250102,周四,20241231,XSIE,能源中心,BC,12,2160,21:00,23:59,20241231,2.0
20250102,周四,20241231,XSIE,能源中心,LU,12,1452,21:00,23:00,20241231,2.0
20250102,周四,20250101,XSIE,能源中心,LU,12,4152,09:01,23:00,20241231,2.0
20250102,周四,20241231,XSIE,能源中心,NR,12,1452,21:00,23:00,20241231,2.0
20250102,周四,20250101,XSIE,能源中心,NR,12,4152,09:01,23:00,20241231,2.0
20250102,周四,20250101,XSIE,能源中心,SC,20,11120,00:00,23:59,20241231,2.0
20250102,周四,20241231,XSIE,能源中心,SC,20,3600,21:00,23:59,20241231,2.0
20250102,周四,20241231,XZCE,郑商所,CF,6,726,21:00,23:00,20241231,2.0
20250102,周四,20250101,XZCE,郑商所,CF,6,2076,09:01,23:00,20241231,2.0
20250102,周四,20241231,XZCE,郑商所,CY,12,1452,21:00,23:00,20241231,2.0
20250102,周四,20250101,XZCE,郑商所,CY,12,4152,09:01,23:00,20241231,2.0
20250102,周四,20250101,XZCE,郑商所,FG,12,4152,09:01,23:00,20241231,2.0
20250102,周四,20241231,XZCE,郑商所,FG,12,1452,21:00,23:00,20241231,2.0
20250102,周四,20241231,XZCE,郑商所,MA,12,1452,21:00,23:00,20241231,2.0
20250102,周四,20250101,XZCE,郑商所,MA,12,4152,09:01,23:00,20241231,2.0
20250102,周四,20250101,XZCE,郑商所,OI,6,2076,09:01,23:00,20241231,2.0
20250102,周四,20241231,XZCE,郑商所,OI,6,726,21:00,23:00,20241231,2.0
20250102,周四,20250101,XZCE,郑商所,PF,12,4152,09:01,23:00,20241231,2.0
20250102,周四,20241231,XZCE,郑商所,PF,12,1452,21:00,23:00,20241231,2.0
20250102,周四,20241231,XZCE,郑商所,PR,10,1210,21:00,23:00,20241231,2.0
20250102,周四,20250101,XZCE,郑商所,PR,10,3460,09:01,23:00,20241231,2.0
20250102,周四,20241231,XZCE,郑商所,PX,12,1452,21:00,23:00,20241231,2.0
20250102,周四,20250101,XZCE,郑商所,PX,12,4152,09:01,23:00,20241231,2.0
20250102,周四,20241231,XZCE,郑商所,RM,7,847,21:00,23:00,20241231,2.0
20250102,周四,20250101,XZCE,郑商所,RM,7,2422,09:01,23:00,20241231,2.0
20250102,周四,20250101,XZCE,郑商所,SA,12,4152,09:01,23:00,20241231,2.0
20250102,周四,20241231,XZCE,郑商所,SA,12,1452,21:00,23:00,20241231,2.0
20250102,周四,20250101,XZCE,郑商所,SH,12,4152,09:01,23:00,20241231,2.0
20250102,周四,20241231,XZCE,郑商所,SH,12,1452,21:00,23:00,20241231,2.0
20250102,周四,20250101,XZCE,郑商所,SR,6,2076,09:01,23:00,20241231,2.0
20250102,周四,20241231,XZCE,郑商所,SR,6,726,21:00,23:00,20241231,2.0
20250102,周四,20250101,XZCE,郑商所,TA,12,4152,09:01,23:00,20241231,2.0
20250102,周四,20241231,XZCE,郑商所,TA,12,1452,21:00,23:00,20241231,2.0
20250102,周四,20241231,XZCE,郑商所,ZC,12,1452,21:00,23:00,20241231,2.0
20250102,周四,20250101,XZCE,郑商所,ZC,12,4152,09:01,23:00,20241231,2.0
20250205,周三,20250204,XDCE,大商所,A,6,726,21:00,23:00,20250127,9.0
20250205,周三,20250204,XDCE,大商所,B,12,1452,21:00,23:00,20250127,9.0
20250205,周三,20250204,XDCE,大商所,C,6,726,21:00,23:00,20250127,9.0
20250205,周三,20250204,XDCE,大商所,CS,6,726,21:00,23:00,20250127,9.0
20250205,周三,20250204,XDCE,大商所,EB,12,1452,21:00,23:00,20250127,9.0
20250205,周三,20250204,XDCE,大商所,EG,12,1452,21:00,23:00,20250127,9.0
20250205,周三,20250204,XDCE,大商所,I,12,1452,21:00,23:00,20250127,9.0
20250205,周三,20250204,XDCE,大商所,J,12,1452,21:00,23:00,20250127,9.0
20250205,周三,20250204,XDCE,大商所,JM,12,1452,21:00,23:00,20250127,9.0
20250205,周三,20250204,XDCE,大商所,L,12,1452,21:00,23:00,20250127,9.0
20250205,周三,20250204,XDCE,大商所,M,8,968,21:00,23:00,20250127,9.0
20250205,周三,20250204,XDCE,大商所,P,12,1452,21:00,23:00,20250127,9.0
20250205,周三,20250204,XDCE,大商所,PG,12,1452,21:00,23:00,20250127,9.0
20250205,周三,20250204,XDCE,大商所,PP,12,1452,21:00,23:00,20250127,9.0
20250205,周三,20250204,XDCE,大商所,RR,12,1452,21:00,23:00,20250127,9.0
20250205,周三,20250204,XDCE,大商所,V,12,1452,21:00,23:00,20250127,9.0
20250205,周三,20250204,XDCE,大商所,Y,8,968,21:00,23:00,20250127,9.0
20250205,周三,20250204,XSGE,上期所,AG,12,2160,21:00,23:59,20250127,9.0
20250205,周三,20250204,XSGE,上期所,AL,12,2160,21:00,23:59,20250127,9.0
20250205,周三,20250204,XSGE,上期所,AU,8,1440,21:00,23:59,20250127,9.0
20250205,周三,20250204,XSGE,上期所,BR,12,1452,21:00,23:00,20250127,9.0
20250205,周三,20250204,XSGE,上期所,BU,16,1936,21:00,23:00,20250127,9.0
20250205,周三,20250204,XSGE,上期所,CU,12,2160,21:00,23:59,20250127,9.0
20250205,周三,20250204,XSGE,上期所,FU,12,1452,21:00,23:00,20250127,9.0
20250205,周三,20250204,XSGE,上期所,HC,12,1452,21:00,23:00,20250127,9.0
20250205,周三,20250204,XSGE,上期所,NI,12,2160,21:00,23:59,20250127,9.0
20250205,周三,20250204,XSGE,上期所,PB,12,2160,21:00,23:59,20250127,9.0
20250205,周三,20250204,XSGE,上期所,RB,12,1452,21:00,23:00,20250127,9.0
20250205,周三,20250204,XSGE,上期所,RU,10,1210,21:00,23:00,20250127,9.0
20250205,周三,20250204,XSGE,上期所,SN,12,2160,21:00,23:59,20250127,9.0
20250205,周三,20250204,XSGE,上期所,SP,12,1452,21:00,23:00,20250127,9.0
20250205,周三,20250204,XSGE,上期所,SS,12,2160,21:00,23:59,20250127,9.0
20250205,周三,20250204,XSGE,上期所,ZN,12,2160,21:00,23:59,20250127,9.0
20250205,周三,20250204,XSIE,能源中心,BC,12,2160,21:00,23:59,20250127,9.0
20250205,周三,20250204,XSIE,能源中心,LU,12,1452,21:00,23:00,20250127,9.0
20250205,周三,20250204,XSIE,能源中心,NR,12,1452,21:00,23:00,20250127,9.0
20250205,周三,20250204,XSIE,能源中心,SC,20,3600,21:00,23:59,20250127,9.0
20250205,周三,20250204,XZCE,郑商所,CF,6,726,21:00,23:00,20250127,9.0
20250205,周三,20250204,XZCE,郑商所,CY,12,1452,21:00,23:00,20250127,9.0
20250205,周三,20250204,XZCE,郑商所,FG,12,1452,21:00,23:00,20250127,9.0
20250205,周三,20250204,XZCE,郑商所,MA,12,1452,21:00,23:00,20250127,9.0
20250205,周三,20250204,XZCE,郑商所,OI,6,726,21:00,23:00,20250127,9.0
20250205,周三,20250204,XZCE,郑商所,PF,12,1452,21:00,23:00,20250127,9.0
20250205,周三,20250204,XZCE,郑商所,PR,11,1331,21:00,23:00,20250127,9.0
20250205,周三,20250204,XZCE,郑商所,PX,12,1452,21:00,23:00,20250127,9.0
20250205,周三,20250204,XZCE,郑商所,RM,7,847,21:00,23:00,20250127,9.0
20250205,周三,20250204,XZCE,郑商所,SA,12,1452,21:00,23:00,20250127,9.0
20250205,周三,20250204,XZCE,郑商所,SH,12,1452,21:00,23:00,20250127,9.0
20250205,周三,20250204,XZCE,郑商所,SR,6,726,21:00,23:00,20250127,9.0
20250205,周三,20250204,XZCE,郑商所,TA,12,1452,21:00,23:00,20250127,9.0
20250205,周三,20250204,XZCE,郑商所,ZC,12,1452,21:00,23:00,20250127,9.0
20250407,周一,20250404,XDCE,大商所,A,6,726,21:00,23:00,20250403,4.0
20250407,周一,20250404,XDCE,大商所,B,12,1452,21:00,23:00,20250403,4.0
20250407,周一,20250404,XDCE,大商所,C,6,726,21:00,23:00,20250403,4.0
20250407,周一,20250404,XDCE,大商所,CS,6,726,21:00,23:00,20250403,4.0
20250407,周一,20250404,XDCE,大商所,EB,12,1452,21:00,23:00,20250403,4.0
20250407,周一,20250404,XDCE,大商所,EG,12,1452,21:00,23:00,20250403,4.0
20250407,周一,20250404,XDCE,大商所,I,12,1452,21:00,23:00,20250403,4.0
20250407,周一,20250404,XDCE,大商所,J,12,1452,21:00,23:00,20250403,4.0
20250407,周一,20250404,XDCE,大商所,JM,12,1452,21:00,23:00,20250403,4.0
20250407,周一,20250404,XDCE,大商所,L,12,1452,21:00,23:00,20250403,4.0
20250407,周一,20250404,XDCE,大商所,M,8,968,21:00,23:00,20250403,4.0
20250407,周一,20250404,XDCE,大商所,P,12,1452,21:00,23:00,20250403,4.0
20250407,周一,20250404,XDCE,大商所,PG,12,1452,21:00,23:00,20250403,4.0
20250407,周一,20250404,XDCE,大商所,PP,12,1452,21:00,23:00,20250403,4.0
20250407,周一,20250404,XDCE,大商所,RR,12,1452,21:00,23:00,20250403,4.0
20250407,周一,20250404,XDCE,大商所,V,12,1452,21:00,23:00,20250403,4.0
20250407,周一,20250404,XDCE,大商所,Y,8,968,21:00,23:00,20250403,4.0
20250407,周一,20250404,XSGE,上期所,AG,12,2160,21:00,23:59,20250403,4.0
20250407,周一,20250405,XSGE,上期所,AG,12,1812,00:00,02:30,20250403,4.0
20250407,周一,20250404,XSGE,上期所,AL,12,2160,21:00,23:59,20250403,4.0
20250407,周一,20250405,XSGE,上期所,AL,12,732,00:00,01:00,20250403,4.0
20250407,周一,20250404,XSGE,上期所,AU,8,1440,21:00,23:59,20250403,4.0
20250407,周一,20250405,XSGE,上期所,AU,8,1208,00:00,02:30,20250403,4.0
20250407,周一,20250404,XSGE,上期所,BR,12,1452,21:00,23:00,20250403,4.0
20250407,周一,20250404,XSGE,上期所,BU,16,1936,21:00,23:00,20250403,4.0
20250407,周一,20250404,XSGE,上期所,CU,12,2160,21:00,23:59,20250403,4.0
20250407,周一,20250405,XSGE,上期所,CU,12,732,00:00,01:00,20250403,4.0
20250407,周一,20250404,XSGE,上期所,FU,12,1452,21:00,23:00,20250403,4.0
20250407,周一,20250404,XSGE,上期所,HC,12,1452,21:00,23:00,20250403,4.0
20250407,周一,20250404,XSGE,上期所,NI,12,2160,21:00,23:59,20250403,4.0
20250407,周一,20250405,XSGE,上期所,NI,12,732,00:00,01:00,20250403,4.0
20250407,周一,20250404,XSGE,上期所,PB,12,2160,21:00,23:59,20250403,4.0
20250407,周一,20250405,XSGE,上期所,PB,12,732,00:00,01:00,20250403,4.0
20250407,周一,20250404,XSGE,上期所,RB,12,1452,21:00,23:00,20250403,4.0
20250407,周一,20250404,XSGE,上期所,RU,10,1210,21:00,23:00,20250403,4.0
20250407,周一,20250404,XSGE,上期所,SN,12,2160,21:00,23:59,20250403,4.0
20250407,周一,20250405,XSGE,上期所,SN,12,732,00:00,01:00,20250403,4.0
20250407,周一,20250404,XSGE,上期所,SP,12,1452,21:00,23:00,20250403,4.0
20250407,周一,20250404,XSGE,上期所,SS,12,2160,21:00,23:59,20250403,4.0
20250407,周一,20250405,XSGE,上期所,SS,12,732,00:00,01:00,20250403,4.0
20250407,周一,20250405,XSGE,上期所,ZN,12,732,00:00,01:00,20250403,4.0
20250407,周一,20250404,XSGE,上期所,ZN,12,2160,21:00,23:59,20250403,4.0
20250407,周一,20250405,XSIE,能源中心,BC,12,732,00:00,01:00,20250403,4.0
20250407,周一,20250404,XSIE,能源中心,BC,12,2160,21:00,23:59,20250403,4.0
20250407,周一,20250404,XSIE,能源中心,LU,12,1452,21:00,23:00,20250403,4.0
20250407,周一,20250404,XSIE,能源中心,NR,12,1452,21:00,23:00,20250403,4.0
20250407,周一,20250405,XSIE,能源中心,SC,20,3020,00:00,02:30,20250403,4.0
20250407,周一,20250404,XSIE,能源中心,SC,20,3600,21:00,23:59,20250403,4.0
20250407,周一,20250404,XZCE,郑商所,CF,6,726,21:00,23:00,20250403,4.0
20250407,周一,20250404,XZCE,郑商所,CY,12,1452,21:00,23:00,20250403,4.0
20250407,周一,20250404,XZCE,郑商所,FG,12,1452,21:00,23:00,20250403,4.0
20250407,周一,20250404,XZCE,郑商所,MA,12,1452,21:00,23:00,20250403,4.0
20250407,周一,20250404,XZCE,郑商所,OI,6,726,21:00,23:00,20250403,4.0
20250407,周一,20250404,XZCE,郑商所,PF,12,1452,21:00,23:00,20250403,4.0
20250407,周一,20250404,XZCE,郑商所,PR,12,1452,21:00,23:00,20250403,4.0
20250407,周一,20250404,XZCE,郑商所,PX,12,1452,21:00,23:00,20250403,4.0
20250407,周一,20250404,XZCE,郑商所,RM,7,847,21:00,23:00,20250403,4.0
20250407,周一,20250404,XZCE,郑商所,SA,12,1452,21:00,23:00,20250403,4.0
20250407,周一,20250404,XZCE,郑商所,SH,12,1452,21:00,23:00,20250403,4.0
20250407,周一,20250404,XZCE,郑商所,SR,6,726,21:00,23:00,20250403,4.0
20250407,周一,20250404,XZCE,郑商所,TA,12,1452,21:00,23:00,20250403,4.0
20250407,周一,20250404,XZCE,郑商所,ZC,12,1452,21:00,23:00,20250403,4.0
20250506,周二,20250505,XDCE,大商所,A,6,726,21:00,23:00,20250430,6.0
20250506,周二,20250505,XDCE,大商所,B,12,1452,21:00,23:00,20250430,6.0
20250506,周二,20250505,XDCE,大商所,C,6,726,21:00,23:00,20250430,6.0
20250506,周二,20250505,XDCE,大商所,CS,6,726,21:00,23:00,20250430,6.0
20250506,周二,20250505,XDCE,大商所,EB,12,1452,21:00,23:00,20250430,6.0
20250506,周二,20250505,XDCE,大商所,EG,12,1452,21:00,23:00,20250430,6.0
20250506,周二,20250505,XDCE,大商所,I,12,1452,21:00,23:00,20250430,6.0
20250506,周二,20250505,XDCE,大商所,J,12,1452,21:00,23:00,20250430,6.0
20250506,周二,20250505,XDCE,大商所,JM,12,1452,21:00,23:00,20250430,6.0
20250506,周二,20250505,XDCE,大商所,L,12,1452,21:00,23:00,20250430,6.0
20250506,周二,20250505,XDCE,大商所,M,8,968,21:00,23:00,20250430,6.0
20250506,周二,20250505,XDCE,大商所,P,12,1452,21:00,23:00,20250430,6.0
20250506,周二,20250505,XDCE,大商所,PG,12,1452,21:00,23:00,20250430,6.0
20250506,周二,20250505,XDCE,大商所,PP,12,1452,21:00,23:00,20250430,6.0
20250506,周二,20250505,XDCE,大商所,RR,12,1452,21:00,23:00,20250430,6.0
20250506,周二,20250505,XDCE,大商所,V,12,1452,21:00,23:00,20250430,6.0
20250506,周二,20250505,XDCE,大商所,Y,8,968,21:00,23:00,20250430,6.0
20250506,周二,20250505,XSGE,上期所,AG,12,2160,21:00,23:59,20250430,6.0
20250506,周二,20250505,XSGE,上期所,AL,12,2160,21:00,23:59,20250430,6.0
20250506,周二,20250505,XSGE,上期所,AU,8,1440,21:00,23:59,20250430,6.0
20250506,周二,20250505,XSGE,上期所,BR,12,1452,21:00,23:00,20250430,6.0
20250506,周二,20250505,XSGE,上期所,BU,16,1936,21:00,23:00,20250430,6.0
20250506,周二,20250505,XSGE,上期所,CU,12,2160,21:00,23:59,20250430,6.0
20250506,周二,20250505,XSGE,上期所,FU,12,1452,21:00,23:00,20250430,6.0
20250506,周二,20250505,XSGE,上期所,HC,12,1452,21:00,23:00,20250430,6.0
20250506,周二,20250505,XSGE,上期所,NI,12,2160,21:00,23:59,20250430,6.0
20250506,周二,20250505,XSGE,上期所,PB,12,2160,21:00,23:59,20250430,6.0
20250506,周二,20250505,XSGE,上期所,RB,12,1452,21:00,23:00,20250430,6.0
20250506,周二,20250505,XSGE,上期所,RU,10,1210,21:00,23:00,20250430,6.0
20250506,周二,20250505,XSGE,上期所,SN,12,2160,21:00,23:59,20250430,6.0
20250506,周二,20250505,XSGE,上期所,SP,12,1452,21:00,23:00,20250430,6.0
20250506,周二,20250505,XSGE,上期所,SS,12,2160,21:00,23:59,20250430,6.0
20250506,周二,20250505,XSGE,上期所,ZN,12,2160,21:00,23:59,20250430,6.0
20250506,周二,20250505,XSIE,能源中心,BC,12,2160,21:00,23:59,20250430,6.0
20250506,周二,20250505,XSIE,能源中心,LU,12,1452,21:00,23:00,20250430,6.0
20250506,周二,20250505,XSIE,能源中心,NR,12,1452,21:00,23:00,20250430,6.0
20250506,周二,20250505,XSIE,能源中心,SC,20,3600,21:00,23:59,20250430,6.0
20250506,周二,20250505,XZCE,郑商所,CF,6,726,21:00,23:00,20250430,6.0
20250506,周二,20250505,XZCE,郑商所,CY,12,1452,21:00,23:00,20250430,6.0
20250506,周二,20250505,XZCE,郑商所,FG,12,1452,21:00,23:00,20250430,6.0
20250506,周二,20250505,XZCE,郑商所,MA,12,1452,21:00,23:00,20250430,6.0
20250506,周二,20250505,XZCE,郑商所,OI,6,726,21:00,23:00,20250430,6.0
20250506,周二,20250505,XZCE,郑商所,PF,12,1452,21:00,23:00,20250430,6.0
20250506,周二,20250505,XZCE,郑商所,PR,12,1452,21:00,23:00,20250430,6.0
20250506,周二,20250505,XZCE,郑商所,PX,12,1452,21:00,23:00,20250430,6.0
20250506,周二,20250505,XZCE,郑商所,RM,7,847,21:00,23:00,20250430,6.0
20250506,周二,20250505,XZCE,郑商所,SA,12,1452,21:00,23:00,20250430,6.0
20250506,周二,20250505,XZCE,郑商所,SH,12,1452,21:00,23:00,20250430,6.0
20250506,周二,20250505,XZCE,郑商所,SR,6,726,21:00,23:00,20250430,6.0
20250506,周二,20250505,XZCE,郑商所,TA,12,1452,21:00,23:00,20250430,6.0
20250506,周二,20250505,XZCE,郑商所,ZC,12,1452,21:00,23:00,20250430,6.0
20250603,周二,20250602,XDCE,大商所,A,6,726,21:00,23:00,20250530,4.0
20250603,周二,20250602,XDCE,大商所,B,12,1452,21:00,23:00,20250530,4.0
20250603,周二,20250602,XDCE,大商所,C,6,726,21:00,23:00,20250530,4.0
20250603,周二,20250602,XDCE,大商所,CS,6,726,21:00,23:00,20250530,4.0
20250603,周二,20250602,XDCE,大商所,EB,12,1452,21:00,23:00,20250530,4.0
20250603,周二,20250602,XDCE,大商所,EG,12,1452,21:00,23:00,20250530,4.0
20250603,周二,20250602,XDCE,大商所,I,12,1452,21:00,23:00,20250530,4.0
20250603,周二,20250602,XDCE,大商所,J,12,1452,21:00,23:00,20250530,4.0
20250603,周二,20250602,XDCE,大商所,JM,12,1452,21:00,23:00,20250530,4.0
20250603,周二,20250602,XDCE,大商所,L,12,1452,21:00,23:00,20250530,4.0
20250603,周二,20250602,XDCE,大商所,M,8,968,21:00,23:00,20250530,4.0
20250603,周二,20250602,XDCE,大商所,P,12,1452,21:00,23:00,20250530,4.0
20250603,周二,20250602,XDCE,大商所,PG,12,1452,21:00,23:00,20250530,4.0
20250603,周二,20250602,XDCE,大商所,PP,12,1452,21:00,23:00,20250530,4.0
20250603,周二,20250602,XDCE,大商所,RR,12,1452,21:00,23:00,20250530,4.0
20250603,周二,20250602,XDCE,大商所,V,12,1452,21:00,23:00,20250530,4.0
20250603,周二,20250602,XDCE,大商所,Y,8,968,21:00,23:00,20250530,4.0
20250603,周二,20250602,XSGE,上期所,AG,12,2160,21:00,23:59,20250530,4.0
20250603,周二,20250602,XSGE,上期所,AL,12,2160,21:00,23:59,20250530,4.0
20250603,周二,20250602,XSGE,上期所,AU,8,1440,21:00,23:59,20250530,4.0
20250603,周二,20250602,XSGE,上期所,BR,12,1452,21:00,23:00,20250530,4.0
20250603,周二,20250602,XSGE,上期所,BU,16,1936,21:00,23:00,20250530,4.0
20250603,周二,20250602,XSGE,上期所,CU,12,2160,21:00,23:59,20250530,4.0
20250603,周二,20250602,XSGE,上期所,FU,12,1452,21:00,23:00,20250530,4.0
20250603,周二,20250602,XSGE,上期所,HC,12,1452,21:00,23:00,20250530,4.0
20250603,周二,20250602,XSGE,上期所,NI,12,2160,21:00,23:59,20250530,4.0
20250603,周二,20250602,XSGE,上期所,PB,12,2160,21:00,23:59,20250530,4.0
20250603,周二,20250602,XSGE,上期所,RB,12,1452,21:00,23:00,20250530,4.0
20250603,周二,20250602,XSGE,上期所,RU,10,1210,21:00,23:00,20250530,4.0
20250603,周二,20250602,XSGE,上期所,SN,12,2160,21:00,23:59,20250530,4.0
20250603,周二,20250602,XSGE,上期所,SP,12,1452,21:00,23:00,20250530,4.0
20250603,周二,20250602,XSGE,上期所,SS,12,2160,21:00,23:59,20250530,4.0
20250603,周二,20250602,XSGE,上期所,ZN,12,2160,21:00,23:59,20250530,4.0
20250603,周二,20250602,XSIE,能源中心,BC,12,2160,21:00,23:59,20250530,4.0
20250603,周二,20250602,XSIE,能源中心,LU,12,1452,21:00,23:00,20250530,4.0
20250603,周二,20250602,XSIE,能源中心,NR,12,1452,21:00,23:00,20250530,4.0
20250603,周二,20250602,XSIE,能源中心,SC,20,3600,21:00,23:59,20250530,4.0
20250603,周二,20250602,XZCE,郑商所,CF,6,726,21:00,23:00,20250530,4.0
20250603,周二,20250602,XZCE,郑商所,CY,12,1452,21:00,23:00,20250530,4.0
20250603,周二,20250602,XZCE,郑商所,FG,12,1452,21:00,23:00,20250530,4.0
20250603,周二,20250602,XZCE,郑商所,MA,12,1452,21:00,23:00,20250530,4.0
20250603,周二,20250602,XZCE,郑商所,OI,6,726,21:00,23:00,20250530,4.0
20250603,周二,20250602,XZCE,郑商所,PF,12,1452,21:00,23:00,20250530,4.0
20250603,周二,20250602,XZCE,郑商所,PR,12,1452,21:00,23:00,20250530,4.0
20250603,周二,20250602,XZCE,郑商所,PX,12,1452,21:00,23:00,20250530,4.0
20250603,周二,20250602,XZCE,郑商所,RM,7,847,21:00,23:00,20250530,4.0
20250603,周二,20250602,XZCE,郑商所,SA,12,1452,21:00,23:00,20250530,4.0
20250603,周二,20250602,XZCE,郑商所,SH,12,1452,21:00,23:00,20250530,4.0
20250603,周二,20250602,XZCE,郑商所,SR,6,726,21:00,23:00,20250530,4.0
20250603,周二,20250602,XZCE,郑商所,TA,12,1452,21:00,23:00,20250530,4.0
20250603,周二,20250602,XZCE,郑商所,ZC,12,1452,21:00,23:00,20250530,4.0
20251009,周四,20251008,XDCE,大商所,A,6,726,21:00,23:00,20250930,9.0
20251009,周四,20251008,XDCE,大商所,B,12,1452,21:00,23:00,20250930,9.0
20251009,周四,20251008,XDCE,大商所,C,6,726,21:00,23:00,20250930,9.0
20251009,周四,20251008,XDCE,大商所,CS,6,726,21:00,23:00,20250930,9.0
20251009,周四,20251008,XDCE,大商所,EB,12,1452,21:00,23:00,20250930,9.0
20251009,周四,20251008,XDCE,大商所,EG,12,1452,21:00,23:00,20250930,9.0
20251009,周四,20251008,XDCE,大商所,I,12,1452,21:00,23:00,20250930,9.0
20251009,周四,20251008,XDCE,大商所,J,12,1452,21:00,23:00,20250930,9.0
20251009,周四,20251008,XDCE,大商所,JM,12,1452,21:00,23:00,20250930,9.0
20251009,周四,20251008,XDCE,大商所,L,12,1452,21:00,23:00,20250930,9.0
20251009,周四,20251008,XDCE,大商所,M,8,968,21:00,23:00,20250930,9.0
20251009,周四,20251008,XDCE,大商所,P,12,1452,21:00,23:00,20250930,9.0
20251009,周四,20251008,XDCE,大商所,PG,12,1452,21:00,23:00,20250930,9.0
20251009,周四,20251008,XDCE,大商所,PP,12,1452,21:00,23:00,20250930,9.0
20251009,周四,20251008,XDCE,大商所,RR,12,1452,21:00,23:00,20250930,9.0
20251009,周四,20251008,XDCE,大商所,V,12,1452,21:00,23:00,20250930,9.0
20251009,周四,20251008,XDCE,大商所,Y,8,968,21:00,23:00,20250930,9.0
20251009,周四,20251008,XSGE,上期所,AG,12,2160,21:00,23:59,20250930,9.0
20251009,周四,20251008,XSGE,上期所,AL,12,2160,21:00,23:59,20250930,9.0
20251009,周四,20251008,XSGE,上期所,AU,8,1440,21:00,23:59,20250930,9.0
20251009,周四,20251008,XSGE,上期所,BR,12,1452,21:00,23:00,20250930,9.0
20251009,周四,20251008,XSGE,上期所,BU,16,1936,21:00,23:00,20250930,9.0
20251009,周四,20251008,XSGE,上期所,CU,12,2160,21:00,23:59,20250930,9.0
20251009,周四,20251008,XSGE,上期所,FU,12,1452,21:00,23:00,20250930,9.0
20251009,周四,20251008,XSGE,上期所,HC,12,1452,21:00,23:00,20250930,9.0
20251009,周四,20251008,XSGE,上期所,NI,12,2160,21:00,23:59,20250930,9.0
20251009,周四,20251008,XSGE,上期所,PB,12,2160,21:00,23:59,20250930,9.0
20251009,周四,20251008,XSGE,上期所,RB,12,1452,21:00,23:00,20250930,9.0
20251009,周四,20251008,XSGE,上期所,RU,10,1210,21:00,23:00,20250930,9.0
20251009,周四,20251008,XSGE,上期所,SN,12,2160,21:00,23:59,20250930,9.0
20251009,周四,20251008,XSGE,上期所,SP,12,1452,21:00,23:00,20250930,9.0
20251009,周四,20251008,XSGE,上期所,SS,12,2160,21:00,23:59,20250930,9.0
20251009,周四,20251008,XSGE,上期所,ZN,12,2160,21:00,23:59,20250930,9.0
20251009,周四,20251008,XSIE,能源中心,BC,12,2160,21:00,23:59,20250930,9.0
20251009,周四,20251008,XSIE,能源中心,LU,12,1452,21:00,23:00,20250930,9.0
20251009,周四,20251008,XSIE,能源中心,NR,12,1452,21:00,23:00,20250930,9.0
20251009,周四,20251008,XSIE,能源中心,SC,20,3600,21:00,23:59,20250930,9.0
20251009,周四,20251008,XZCE,郑商所,CF,6,726,21:00,23:00,20250930,9.0
20251009,周四,20251008,XZCE,郑商所,CY,12,1452,21:00,23:00,20250930,9.0
20251009,周四,20251008,XZCE,郑商所,FG,12,1452,21:00,23:00,20250930,9.0
20251009,周四,20251008,XZCE,郑商所,MA,12,1452,21:00,23:00,20250930,9.0
20251009,周四,20251008,XZCE,郑商所,OI,6,726,21:00,23:00,20250930,9.0
20251009,周四,20251008,XZCE,郑商所,PF,12,1452,21:00,23:00,20250930,9.0
20251009,周四,20251008,XZCE,郑商所,PR,12,1452,21:00,23:00,20250930,9.0
20251009,周四,20251008,XZCE,郑商所,PX,12,1452,21:00,23:00,20250930,9.0
20251009,周四,20251008,XZCE,郑商所,RM,7,847,21:00,23:00,20250930,9.0
20251009,周四,20251008,XZCE,郑商所,SA,12,1452,21:00,23:00,20250930,9.0
20251009,周四,20251008,XZCE,郑商所,SH,12,1452,21:00,23:00,20250930,9.0
20251009,周四,20251008,XZCE,郑商所,SR,6,726,21:00,23:00,20250930,9.0
20251009,周四,20251008,XZCE,郑商所,TA,12,1452,21:00,23:00,20250930,9.0
20251009,周四,20251008,XZCE,郑商所,ZC,12,1452,21:00,23:00,20250930,9.0
20260105,周一,20260102,XDCE,大商所,A,6,726,21:00,23:00,20251231,5.0
20260105,周一,20260102,XDCE,大商所,B,12,1452,21:00,23:00,20251231,5.0
20260105,周一,20260102,XDCE,大商所,C,6,726,21:00,23:00,20251231,5.0
20260105,周一,20260102,XDCE,大商所,CS,6,726,21:00,23:00,20251231,5.0
20260105,周一,20260102,XDCE,大商所,EB,12,1452,21:00,23:00,20251231,5.0
20260105,周一,20260102,XDCE,大商所,EG,12,1452,21:00,23:00,20251231,5.0
20260105,周一,20260102,XDCE,大商所,I,12,1452,21:00,23:00,20251231,5.0
20260105,周一,20260102,XDCE,大商所,J,12,1452,21:00,23:00,20251231,5.0
20260105,周一,20260102,XDCE,大商所,JM,12,1452,21:00,23:00,20251231,5.0
20260105,周一,20260102,XDCE,大商所,L,12,1452,21:00,23:00,20251231,5.0
20260105,周一,20260102,XDCE,大商所,M,8,968,21:00,23:00,20251231,5.0
20260105,周一,20260102,XDCE,大商所,P,12,1452,21:00,23:00,20251231,5.0
20260105,周一,20260102,XDCE,大商所,PG,12,1452,21:00,23:00,20251231,5.0
20260105,周一,20260102,XDCE,大商所,PP,12,1452,21:00,23:00,20251231,5.0
20260105,周一,20260102,XDCE,大商所,RR,12,1452,21:00,23:00,20251231,5.0
20260105,周一,20260102,XDCE,大商所,V,12,1452,21:00,23:00,20251231,5.0
20260105,周一,20260102,XDCE,大商所,Y,8,968,21:00,23:00,20251231,5.0
20260105,周一,20260103,XSGE,上期所,AG,12,1812,00:00,02:30,20251231,5.0
20260105,周一,20260102,XSGE,上期所,AG,12,2160,21:00,23:59,20251231,5.0
20260105,周一,20260103,XSGE,上期所,AL,12,732,00:00,01:00,20251231,5.0
20260105,周一,20260102,XSGE,上期所,AL,12,2160,21:00,23:59,20251231,5.0
20260105,周一,20260103,XSGE,上期所,AU,8,1208,00:00,02:30,20251231,5.0
20260105,周一,20260102,XSGE,上期所,AU,8,1440,21:00,23:59,20251231,5.0
20260105,周一,20260102,XSGE,上期所,BR,12,1452,21:00,23:00,20251231,5.0
20260105,周一,20260102,XSGE,上期所,BU,16,1936,21:00,23:00,20251231,5.0
20260105,周一,20260103,XSGE,上期所,CU,12,732,00:00,01:00,20251231,5.0
20260105,周一,20260102,XSGE,上期所,CU,12,2160,21:00,23:59,20251231,5.0
20260105,周一,20260102,XSGE,上期所,FU,12,1452,21:00,23:00,20251231,5.0
20260105,周一,20260102,XSGE,上期所,HC,12,1452,21:00,23:00,20251231,5.0
20260105,周一,20260103,XSGE,上期所,NI,12,732,00:00,01:00,20251231,5.0
20260105,周一,20260102,XSGE,上期所,NI,12,2160,21:00,23:59,20251231,5.0
20260105,周一,20260103,XSGE,上期所,PB,12,732,00:00,01:00,20251231,5.0
20260105,周一,20260102,XSGE,上期所,PB,12,2160,21:00,23:59,20251231,5.0
20260105,周一,20260102,XSGE,上期所,RB,12,1452,21:00,23:00,20251231,5.0
20260105,周一,20260102,XSGE,上期所,RU,10,1210,21:00,23:00,20251231,5.0
20260105,周一,20260103,XSGE,上期所,SN,12,732,00:00,01:00,20251231,5.0
20260105,周一,20260102,XSGE,上期所,SN,12,2160,21:00,23:59,20251231,5.0
20260105,周一,20260102,XSGE,上期所,SP,12,1452,21:00,23:00,20251231,5.0
20260105,周一,20260103,XSGE,上期所,SS,12,732,00:00,01:00,20251231,5.0
20260105,周一,20260102,XSGE,上期所,SS,12,2160,21:00,23:59,20251231,5.0
20260105,周一,20260103,XSGE,上期所,ZN,12,732,00:00,01:00,20251231,5.0
20260105,周一,20260102,XSGE,上期所,ZN,12,2160,21:00,23:59,20251231,5.0
20260105,周一,20260103,XSIE,能源中心,BC,12,732,00:00,01:00,20251231,5.0
20260105,周一,20260102,XSIE,能源中心,BC,12,2160,21:00,23:59,20251231,5.0
20260105,周一,20260102,XSIE,能源中心,LU,12,1452,21:00,23:00,20251231,5.0
20260105,周一,20260102,XSIE,能源中心,NR,12,1452,21:00,23:00,20251231,5.0
20260105,周一,20260103,XSIE,能源中心,SC,20,3020,00:00,02:30,20251231,5.0
20260105,周一,20260102,XSIE,能源中心,SC,20,3600,21:00,23:59,20251231,5.0
20260105,周一,20260102,XZCE,郑商所,CF,6,726,21:00,23:00,20251231,5.0
20260105,周一,20260102,XZCE,郑商所,CY,12,1452,21:00,23:00,20251231,5.0
20260105,周一,20260102,XZCE,郑商所,FG,12,1452,21:00,23:00,20251231,5.0
20260105,周一,20260102,XZCE,郑商所,MA,12,1452,21:00,23:00,20251231,5.0
20260105,周一,20260102,XZCE,郑商所,OI,6,726,21:00,23:00,20251231,5.0
20260105,周一,20260102,XZCE,郑商所,PF,12,1452,21:00,23:00,20251231,5.0
20260105,周一,20260102,XZCE,郑商所,PR,12,1452,21:00,23:00,20251231,5.0
20260105,周一,20260102,XZCE,郑商所,PX,12,1452,21:00,23:00,20251231,5.0
20260105,周一,20260102,XZCE,郑商所,RM,7,847,21:00,23:00,20251231,5.0
20260105,周一,20260102,XZCE,郑商所,SA,12,1452,21:00,23:00,20251231,5.0
20260105,周一,20260102,XZCE,郑商所,SH,12,1452,21:00,23:00,20251231,5.0
20260105,周一,20260102,XZCE,郑商所,SR,6,726,21:00,23:00,20251231,5.0
20260105,周一,20260102,XZCE,郑商所,TA,12,1452,21:00,23:00,20251231,5.0
20260105,周一,20260102,XZCE,郑商所,ZC,12,1452,21:00,23:00,20251231,5.0
20260224,周二,20260223,XDCE,大商所,A,6,726,21:00,23:00,20260213,11.0
20260224,周二,20260223,XDCE,大商所,B,12,1452,21:00,23:00,20260213,11.0
20260224,周二,20260223,XDCE,大商所,C,6,726,21:00,23:00,20260213,11.0
20260224,周二,20260223,XDCE,大商所,CS,6,726,21:00,23:00,20260213,11.0
20260224,周二,20260223,XDCE,大商所,EB,12,1452,21:00,23:00,20260213,11.0
20260224,周二,20260223,XDCE,大商所,EG,12,1452,21:00,23:00,20260213,11.0
20260224,周二,20260223,XDCE,大商所,I,12,1452,21:00,23:00,20260213,11.0
20260224,周二,20260223,XDCE,大商所,J,12,1452,21:00,23:00,20260213,11.0
20260224,周二,20260223,XDCE,大商所,JM,12,1452,21:00,23:00,20260213,11.0
20260224,周二,20260223,XDCE,大商所,L,12,1452,21:00,23:00,20260213,11.0
20260224,周二,20260223,XDCE,大商所,M,8,968,21:00,23:00,20260213,11.0
20260224,周二,20260223,XDCE,大商所,P,12,1452,21:00,23:00,20260213,11.0
20260224,周二,20260223,XDCE,大商所,PG,12,1452,21:00,23:00,20260213,11.0
20260224,周二,20260223,XDCE,大商所,PP,12,1452,21:00,23:00,20260213,11.0
20260224,周二,20260223,XDCE,大商所,RR,12,1452,21:00,23:00,20260213,11.0
20260224,周二,20260223,XDCE,大商所,V,12,1452,21:00,23:00,20260213,11.0
20260224,周二,20260223,XDCE,大商所,Y,8,968,21:00,23:00,20260213,11.0
20260224,周二,20260223,XSGE,上期所,AG,12,2160,21:00,23:59,20260213,11.0
20260224,周二,20260223,XSGE,上期所,AL,12,2160,21:00,23:59,20260213,11.0
20260224,周二,20260223,XSGE,上期所,AU,8,1440,21:00,23:59,20260213,11.0
20260224,周二,20260223,XSGE,上期所,BR,12,1452,21:00,23:00,20260213,11.0
20260224,周二,20260223,XSGE,上期所,BU,16,1936,21:00,23:00,20260213,11.0
20260224,周二,20260223,XSGE,上期所,CU,12,2160,21:00,23:59,20260213,11.0
20260224,周二,20260223,XSGE,上期所,FU,12,1452,21:00,23:00,20260213,11.0
20260224,周二,20260223,XSGE,上期所,HC,12,1452,21:00,23:00,20260213,11.0
20260224,周二,20260223,XSGE,上期所,NI,12,2160,21:00,23:59,20260213,11.0
20260224,周二,20260223,XSGE,上期所,PB,12,2160,21:00,23:59,20260213,11.0
20260224,周二,20260223,XSGE,上期所,RB,12,1452,21:00,23:00,20260213,11.0
20260224,周二,20260223,XSGE,上期所,RU,10,1210,21:00,23:00,20260213,11.0
20260224,周二,20260223,XSGE,上期所,SN,12,2160,21:00,23:59,20260213,11.0
20260224,周二,20260223,XSGE,上期所,SP,12,1452,21:00,23:00,20260213,11.0
20260224,周二,20260223,XSGE,上期所,SS,12,2160,21:00,23:59,20260213,11.0
20260224,周二,20260223,XSGE,上期所,ZN,12,2160,21:00,23:59,20260213,11.0
20260224,周二,20260223,XSIE,能源中心,BC,12,2160,21:00,23:59,20260213,11.0
20260224,周二,20260223,XSIE,能源中心,LU,12,1452,21:00,23:00,20260213,11.0
20260224,周二,20260223,XSIE,能源中心,NR,12,1452,21:00,23:00,20260213,11.0
20260224,周二,20260223,XSIE,能源中心,SC,20,3600,21:00,23:59,20260213,11.0
20260224,周二,20260223,XZCE,郑商所,CF,6,726,21:00,23:00,20260213,11.0
20260224,周二,20260223,XZCE,郑商所,CY,12,1452,21:00,23:00,20260213,11.0
20260224,周二,20260223,XZCE,郑商所,FG,12,1452,21:00,23:00,20260213,11.0
20260224,周二,20260223,XZCE,郑商所,MA,12,1452,21:00,23:00,20260213,11.0
20260224,周二,20260223,XZCE,郑商所,OI,6,726,21:00,23:00,20260213,11.0
20260224,周二,20260223,XZCE,郑商所,PF,12,1452,21:00,23:00,20260213,11.0
20260224,周二,20260223,XZCE,郑商所,PR,12,1452,21:00,23:00,20260213,11.0
20260224,周二,20260223,XZCE,郑商所,PX,12,1452,21:00,23:00,20260213,11.0
20260224,周二,20260223,XZCE,郑商所,RM,7,847,21:00,23:00,20260213,11.0
20260224,周二,20260223,XZCE,郑商所,SA,12,1452,21:00,23:00,20260213,11.0
20260224,周二,20260223,XZCE,郑商所,SH,12,1452,21:00,23:00,20260213,11.0
20260224,周二,20260223,XZCE,郑商所,SR,6,726,21:00,23:00,20260213,11.0
20260224,周二,20260223,XZCE,郑商所,TA,12,1452,21:00,23:00,20260213,11.0
20260224,周二,20260223,XZCE,郑商所,ZC,12,1452,21:00,23:00,20260213,11.0
20260407,周二,20260406,XDCE,大商所,A,6,726,21:00,23:00,20260403,4.0
20260407,周二,20260406,XDCE,大商所,B,12,1452,21:00,23:00,20260403,4.0
20260407,周二,20260406,XDCE,大商所,C,6,726,21:00,23:00,20260403,4.0
20260407,周二,20260406,XDCE,大商所,CS,6,726,21:00,23:00,20260403,4.0
20260407,周二,20260406,XDCE,大商所,EB,12,1452,21:00,23:00,20260403,4.0
20260407,周二,20260406,XDCE,大商所,EG,12,1452,21:00,23:00,20260403,4.0
20260407,周二,20260406,XDCE,大商所,I,12,1452,21:00,23:00,20260403,4.0
20260407,周二,20260406,XDCE,大商所,J,12,1452,21:00,23:00,20260403,4.0
20260407,周二,20260406,XDCE,大商所,JM,12,1452,21:00,23:00,20260403,4.0
20260407,周二,20260406,XDCE,大商所,L,12,1452,21:00,23:00,20260403,4.0
20260407,周二,20260406,XDCE,大商所,M,8,968,21:00,23:00,20260403,4.0
20260407,周二,20260406,XDCE,大商所,P,12,1452,21:00,23:00,20260403,4.0
20260407,周二,20260406,XDCE,大商所,PG,12,1452,21:00,23:00,20260403,4.0
20260407,周二,20260406,XDCE,大商所,PP,12,1452,21:00,23:00,20260403,4.0
20260407,周二,20260406,XDCE,大商所,RR,12,1452,21:00,23:00,20260403,4.0
20260407,周二,20260406,XDCE,大商所,V,12,1452,21:00,23:00,20260403,4.0
20260407,周二,20260406,XDCE,大商所,Y,8,968,21:00,23:00,20260403,4.0
20260407,周二,20260406,XSGE,上期所,AG,12,2160,21:00,23:59,20260403,4.0
20260407,周二,20260406,XSGE,上期所,AL,12,2160,21:00,23:59,20260403,4.0
20260407,周二,20260406,XSGE,上期所,AU,8,1440,21:00,23:59,20260403,4.0
20260407,周二,20260406,XSGE,上期所,BR,12,1452,21:00,23:00,20260403,4.0
20260407,周二,20260406,XSGE,上期所,BU,16,1936,21:00,23:00,20260403,4.0
20260407,周二,20260406,XSGE,上期所,CU,12,2160,21:00,23:59,20260403,4.0
20260407,周二,20260406,XSGE,上期所,FU,12,1452,21:00,23:00,20260403,4.0
20260407,周二,20260406,XSGE,上期所,HC,12,1452,21:00,23:00,20260403,4.0
20260407,周二,20260406,XSGE,上期所,NI,12,2160,21:00,23:59,20260403,4.0
20260407,周二,20260406,XSGE,上期所,PB,12,2160,21:00,23:59,20260403,4.0
20260407,周二,20260406,XSGE,上期所,RB,12,1452,21:00,23:00,20260403,4.0
20260407,周二,20260406,XSGE,上期所,RU,10,1210,21:00,23:00,20260403,4.0
20260407,周二,20260406,XSGE,上期所,SN,12,2160,21:00,23:59,20260403,4.0
20260407,周二,20260406,XSGE,上期所,SP,12,1452,21:00,23:00,20260403,4.0
20260407,周二,20260406,XSGE,上期所,SS,12,2160,21:00,23:59,20260403,4.0
20260407,周二,20260406,XSGE,上期所,ZN,12,2160,21:00,23:59,20260403,4.0
20260407,周二,20260406,XSIE,能源中心,BC,12,2160,21:00,23:59,20260403,4.0
20260407,周二,20260406,XSIE,能源中心,LU,12,1452,21:00,23:00,20260403,4.0
20260407,周二,20260406,XSIE,能源中心,NR,12,1452,21:00,23:00,20260403,4.0
20260407,周二,20260406,XSIE,能源中心,SC,20,3600,21:00,23:59,20260403,4.0
20260407,周二,20260406,XZCE,郑商所,CF,6,726,21:00,23:00,20260403,4.0
20260407,周二,20260406,XZCE,郑商所,CY,12,1452,21:00,23:00,20260403,4.0
20260407,周二,20260406,XZCE,郑商所,FG,12,1452,21:00,23:00,20260403,4.0
20260407,周二,20260406,XZCE,郑商所,MA,12,1452,21:00,23:00,20260403,4.0
20260407,周二,20260406,XZCE,郑商所,OI,6,726,21:00,23:00,20260403,4.0
20260407,周二,20260406,XZCE,郑商所,PF,12,1452,21:00,23:00,20260403,4.0
20260407,周二,20260406,XZCE,郑商所,PR,12,1452,21:00,23:00,20260403,4.0
20260407,周二,20260406,XZCE,郑商所,PX,12,1452,21:00,23:00,20260403,4.0
20260407,周二,20260406,XZCE,郑商所,RM,7,847,21:00,23:00,20260403,4.0
20260407,周二,20260406,XZCE,郑商所,SA,12,1452,21:00,23:00,20260403,4.0
20260407,周二,20260406,XZCE,郑商所,SH,12,1452,21:00,23:00,20260403,4.0
20260407,周二,20260406,XZCE,郑商所,SR,6,726,21:00,23:00,20260403,4.0
20260407,周二,20260406,XZCE,郑商所,TA,12,1452,21:00,23:00,20260403,4.0
20260407,周二,20260406,XZCE,郑商所,ZC,12,1452,21:00,23:00,20260403,4.0
20260506,周三,20260505,XDCE,大商所,A,6,726,21:00,23:00,20260430,6.0
20260506,周三,20260505,XDCE,大商所,B,12,1452,21:00,23:00,20260430,6.0
20260506,周三,20260505,XDCE,大商所,C,6,726,21:00,23:00,20260430,6.0
20260506,周三,20260505,XDCE,大商所,CS,6,726,21:00,23:00,20260430,6.0
20260506,周三,20260505,XDCE,大商所,EB,12,1452,21:00,23:00,20260430,6.0
20260506,周三,20260505,XDCE,大商所,EG,12,1452,21:00,23:00,20260430,6.0
20260506,周三,20260505,XDCE,大商所,I,12,1452,21:00,23:00,20260430,6.0
20260506,周三,20260505,XDCE,大商所,J,12,1452,21:00,23:00,20260430,6.0
20260506,周三,20260505,XDCE,大商所,JM,12,1452,21:00,23:00,20260430,6.0
20260506,周三,20260505,XDCE,大商所,L,12,1452,21:00,23:00,20260430,6.0
20260506,周三,20260505,XDCE,大商所,M,8,968,21:00,23:00,20260430,6.0
20260506,周三,20260505,XDCE,大商所,P,12,1452,21:00,23:00,20260430,6.0
20260506,周三,20260505,XDCE,大商所,PG,12,1452,21:00,23:00,20260430,6.0
20260506,周三,20260505,XDCE,大商所,PP,12,1452,21:00,23:00,20260430,6.0
20260506,周三,20260505,XDCE,大商所,RR,12,1452,21:00,23:00,20260430,6.0
20260506,周三,20260505,XDCE,大商所,V,12,1452,21:00,23:00,20260430,6.0
20260506,周三,20260505,XDCE,大商所,Y,8,968,21:00,23:00,20260430,6.0
20260506,周三,20260505,XSGE,上期所,AG,12,2160,21:00,23:59,20260430,6.0
20260506,周三,20260505,XSGE,上期所,AL,12,2160,21:00,23:59,20260430,6.0
20260506,周三,20260505,XSGE,上期所,AU,8,1440,21:00,23:59,20260430,6.0
20260506,周三,20260505,XSGE,上期所,BR,12,1452,21:00,23:00,20260430,6.0
20260506,周三,20260505,XSGE,上期所,BU,16,1936,21:00,23:00,20260430,6.0
20260506,周三,20260505,XSGE,上期所,CU,12,2160,21:00,23:59,20260430,6.0
20260506,周三,20260505,XSGE,上期所,FU,12,1452,21:00,23:00,20260430,6.0
20260506,周三,20260505,XSGE,上期所,HC,12,1452,21:00,23:00,20260430,6.0
20260506,周三,20260505,XSGE,上期所,NI,12,2160,21:00,23:59,20260430,6.0
20260506,周三,20260505,XSGE,上期所,PB,12,2160,21:00,23:59,20260430,6.0
20260506,周三,20260505,XSGE,上期所,RB,12,1452,21:00,23:00,20260430,6.0
20260506,周三,20260505,XSGE,上期所,RU,10,1210,21:00,23:00,20260430,6.0
20260506,周三,20260505,XSGE,上期所,SN,12,2160,21:00,23:59,20260430,6.0
20260506,周三,20260505,XSGE,上期所,SP,12,1452,21:00,23:00,20260430,6.0
20260506,周三,20260505,XSGE,上期所,SS,12,2160,21:00,23:59,20260430,6.0
20260506,周三,20260505,XSGE,上期所,ZN,12,2160,21:00,23:59,20260430,6.0
20260506,周三,20260505,XSIE,能源中心,BC,12,2160,21:00,23:59,20260430,6.0
20260506,周三,20260505,XSIE,能源中心,LU,12,1452,21:00,23:00,20260430,6.0
20260506,周三,20260505,XSIE,能源中心,NR,12,1452,21:00,23:00,20260430,6.0
20260506,周三,20260505,XSIE,能源中心,SC,20,3600,21:00,23:59,20260430,6.0
20260506,周三,20260505,XZCE,郑商所,CF,6,726,21:00,23:00,20260430,6.0
20260506,周三,20260505,XZCE,郑商所,CY,12,1452,21:00,23:00,20260430,6.0
20260506,周三,20260505,XZCE,郑商所,FG,12,1452,21:00,23:00,20260430,6.0
20260506,周三,20260505,XZCE,郑商所,MA,12,1452,21:00,23:00,20260430,6.0
20260506,周三,20260505,XZCE,郑商所,OI,6,726,21:00,23:00,20260430,6.0
20260506,周三,20260505,XZCE,郑商所,PF,12,1452,21:00,23:00,20260430,6.0
20260506,周三,20260505,XZCE,郑商所,PR,12,1452,21:00,23:00,20260430,6.0
20260506,周三,20260505,XZCE,郑商所,PX,12,1452,21:00,23:00,20260430,6.0
20260506,周三,20260505,XZCE,郑商所,RM,7,847,21:00,23:00,20260430,6.0
20260506,周三,20260505,XZCE,郑商所,SA,12,1452,21:00,23:00,20260430,6.0
20260506,周三,20260505,XZCE,郑商所,SH,12,1452,21:00,23:00,20260430,6.0
20260506,周三,20260505,XZCE,郑商所,SR,6,726,21:00,23:00,20260430,6.0
20260506,周三,20260505,XZCE,郑商所,TA,12,1452,21:00,23:00,20260430,6.0
20260506,周三,20260505,XZCE,郑商所,ZC,12,1452,21:00,23:00,20260430,6.0
20260622,周一,20260619,XDCE,大商所,A,6,726,21:00,23:00,20260618,4.0
20260622,周一,20260619,XDCE,大商所,B,12,1452,21:00,23:00,20260618,4.0
20260622,周一,20260619,XDCE,大商所,C,6,726,21:00,23:00,20260618,4.0
20260622,周一,20260619,XDCE,大商所,CS,6,726,21:00,23:00,20260618,4.0
20260622,周一,20260619,XDCE,大商所,EB,12,1452,21:00,23:00,20260618,4.0
20260622,周一,20260619,XDCE,大商所,EG,12,1452,21:00,23:00,20260618,4.0
20260622,周一,20260619,XDCE,大商所,I,12,1452,21:00,23:00,20260618,4.0
20260622,周一,20260619,XDCE,大商所,J,12,1452,21:00,23:00,20260618,4.0
20260622,周一,20260619,XDCE,大商所,JM,12,1452,21:00,23:00,20260618,4.0
20260622,周一,20260619,XDCE,大商所,L,12,1452,21:00,23:00,20260618,4.0
20260622,周一,20260619,XDCE,大商所,M,8,968,21:00,23:00,20260618,4.0
20260622,周一,20260619,XDCE,大商所,P,12,1452,21:00,23:00,20260618,4.0
20260622,周一,20260619,XDCE,大商所,PG,12,1452,21:00,23:00,20260618,4.0
20260622,周一,20260619,XDCE,大商所,PP,12,1452,21:00,23:00,20260618,4.0
20260622,周一,20260619,XDCE,大商所,RR,12,1452,21:00,23:00,20260618,4.0
20260622,周一,20260619,XDCE,大商所,V,12,1452,21:00,23:00,20260618,4.0
20260622,周一,20260619,XDCE,大商所,Y,8,968,21:00,23:00,20260618,4.0
20260622,周一,20260619,XSGE,上期所,AG,12,2160,21:00,23:59,20260618,4.0
20260622,周一,20260620,XSGE,上期所,AG,12,1812,00:00,02:30,20260618,4.0
20260622,周一,20260619,XSGE,上期所,AL,12,2160,21:00,23:59,20260618,4.0
20260622,周一,20260620,XSGE,上期所,AL,12,732,00:00,01:00,20260618,4.0
20260622,周一,20260619,XSGE,上期所,AU,8,1440,21:00,23:59,20260618,4.0
20260622,周一,20260620,XSGE,上期所,AU,8,1208,00:00,02:30,20260618,4.0
20260622,周一,20260619,XSGE,上期所,BR,12,1452,21:00,23:00,20260618,4.0
20260622,周一,20260619,XSGE,上期所,BU,16,1936,21:00,23:00,20260618,4.0
20260622,周一,20260620,XSGE,上期所,CU,12,732,00:00,01:00,20260618,4.0
20260622,周一,20260619,XSGE,上期所,CU,12,2160,21:00,23:59,20260618,4.0
20260622,周一,20260619,XSGE,上期所,FU,12,1452,21:00,23:00,20260618,4.0
20260622,周一,20260619,XSGE,上期所,HC,12,1452,21:00,23:00,20260618,4.0
20260622,周一,20260619,XSGE,上期所,NI,12,2160,21:00,23:59,20260618,4.0
20260622,周一,20260620,XSGE,上期所,NI,12,732,00:00,01:00,20260618,4.0
20260622,周一,20260619,XSGE,上期所,PB,12,2160,21:00,23:59,20260618,4.0
20260622,周一,20260620,XSGE,上期所,PB,12,732,00:00,01:00,20260618,4.0
20260622,周一,20260619,XSGE,上期所,RB,12,1452,21:00,23:00,20260618,4.0
20260622,周一,20260619,XSGE,上期所,RU,10,1210,21:00,23:00,20260618,4.0
20260622,周一,20260620,XSGE,上期所,SN,12,732,00:00,01:00,20260618,4.0
20260622,周一,20260619,XSGE,上期所,SN,12,2160,21:00,23:59,20260618,4.0
20260622,周一,20260619,XSGE,上期所,SP,12,1452,21:00,23:00,20260618,4.0
20260622,周一,20260620,XSGE,上期所,SS,12,732,00:00,01:00,20260618,4.0
20260622,周一,20260619,XSGE,上期所,SS,12,2160,21:00,23:59,20260618,4.0
20260622,周一,20260620,XSGE,上期所,ZN,12,732,00:00,01:00,20260618,4.0
20260622,周一,20260619,XSGE,上期所,ZN,12,2160,21:00,23:59,20260618,4.0
20260622,周一,20260619,XSIE,能源中心,BC,12,2160,21:00,23:59,20260618,4.0
20260622,周一,20260620,XSIE,能源中心,BC,12,732,00:00,01:00,20260618,4.0
20260622,周一,20260619,XSIE,能源中心,LU,12,1452,21:00,23:00,20260618,4.0
20260622,周一,20260619,XSIE,能源中心,NR,12,1452,21:00,23:00,20260618,4.0
20260622,周一,20260619,XSIE,能源中心,SC,20,3600,21:00,23:59,20260618,4.0
20260622,周一,20260620,XSIE,能源中心,SC,20,3020,00:00,02:30,20260618,4.0
20260622,周一,20260619,XZCE,郑商所,CF,6,726,21:00,23:00,20260618,4.0
20260622,周一,20260619,XZCE,郑商所,CY,12,1452,21:00,23:00,20260618,4.0
20260622,周一,20260619,XZCE,郑商所,FG,12,1452,21:00,23:00,20260618,4.0
20260622,周一,20260619,XZCE,郑商所,MA,12,1452,21:00,23:00,20260618,4.0
20260622,周一,20260619,XZCE,郑商所,OI,6,726,21:00,23:00,20260618,4.0
20260622,周一,20260619,XZCE,郑商所,PF,12,1452,21:00,23:00,20260618,4.0
20260622,周一,20260619,XZCE,郑商所,PR,12,1452,21:00,23:00,20260618,4.0
20260622,周一,20260619,XZCE,郑商所,PX,12,1452,21:00,23:00,20260618,4.0
20260622,周一,20260619,XZCE,郑商所,RM,7,847,21:00,23:00,20260618,4.0
20260622,周一,20260619,XZCE,郑商所,SA,12,1452,21:00,23:00,20260618,4.0
20260622,周一,20260619,XZCE,郑商所,SH,12,1452,21:00,23:00,20260618,4.0
20260622,周一,20260619,XZCE,郑商所,SR,6,726,21:00,23:00,20260618,4.0
20260622,周一,20260619,XZCE,郑商所,TA,12,1452,21:00,23:00,20260618,4.0
20260622,周一,20260619,XZCE,郑商所,ZC,12,1452,21:00,23:00,20260618,4.0
