clearing_day,market,market_cn,product,contract,pre_bt,pre_vol,pre_close,pad_bt,pad_close,day0_bt,day0_open,day0_vol,dev_to_day_open,dev_to_padding,closer_to
20230103,XSGE,上期所,AG,AG2302,02:30,496,5372.0,02:29,5363.0,09:01,5368.0,6744,0.0007451564828614009,0.0016781652060413948,当日日盘开盘价
20230103,XSGE,上期所,AG,AG2303,02:30,2260,5378.0,02:29,5373.0,09:01,5378.0,1854,0.0,0.0009305788200260562,当日日盘开盘价
20230103,XSGE,上期所,AG,AG2304,02:30,4,5392.0,02:29,5380.0,09:01,5383.0,455,0.0016719301504737136,0.0022304832713754648,当日日盘开盘价
20230103,XSGE,上期所,AG,AG2305,02:30,3,5398.0,02:29,5387.0,09:01,5398.0,320,0.0,0.0020419528494523853,当日日盘开盘价
20230103,XSGE,上期所,AG,AG2306,02:30,715,5397.0,02:29,5397.0,09:01,5401.0,4630,0.0007406035919274209,0.0,padding价(前收盘)
20230103,XSGE,上期所,AL,AL2301,01:00,235,18710.0,00:59,18725.0,09:01,18710.0,170,0.0,0.0008010680907877169,当日日盘开盘价
20230103,XSGE,上期所,AL,AL2302,01:00,259,18660.0,00:59,18700.0,09:01,18670.0,7730,0.0005356186395286556,0.0021390374331550803,当日日盘开盘价
20230103,XSGE,上期所,AL,AL2303,01:00,21,18600.0,00:59,18660.0,09:01,18610.0,2742,0.0005373455131649651,0.003215434083601286,当日日盘开盘价
20230103,XSGE,上期所,AL,AL2305,01:00,1,18615.0,00:59,18635.0,09:01,18615.0,271,0.0,0.0010732492621411322,当日日盘开盘价
20230103,XSGE,上期所,AU,AU2302,02:30,53,410.48,02:29,410.72,09:01,410.6,982,0.0002922552362396604,0.0005843396961433802,当日日盘开盘价
20230103,XSGE,上期所,AU,AU2304,02:30,53,412.0,02:29,411.46,09:01,412.06,1216,0.00014560986264136843,0.00131239974724158,当日日盘开盘价
20230103,XSGE,上期所,AU,AU2306,02:30,5,412.68,02:29,411.82,09:01,412.78,376,0.0002422597994088035,0.0020882910009227666,当日日盘开盘价
20230103,XSGE,上期所,CU,CU2301,01:00,5,66340.0,00:59,66350.0,09:01,66340.0,110,0.0,0.00015071590052750564,当日日盘开盘价
20230103,XSGE,上期所,CU,CU2302,01:00,224,66160.0,00:59,66260.0,09:01,66240.0,2152,0.0012077294685990338,0.001509206157561123,当日日盘开盘价
20230103,XSGE,上期所,CU,CU2303,01:00,582,66200.0,00:59,66260.0,09:01,66220.0,1305,0.0003020235578375113,0.0009055236945366737,当日日盘开盘价
20230103,XSGE,上期所,CU,CU2304,01:00,18,66240.0,00:59,66240.0,09:01,66240.0,107,0.0,0.0,padding价(前收盘)
20230103,XSGE,上期所,NI,NI2301,01:00,72,235100.0,00:59,235100.0,09:01,235100.0,24,0.0,0.0,padding价(前收盘)
20230103,XSGE,上期所,NI,NI2302,01:00,684,229800.0,00:59,232000.0,09:01,229800.0,4455,0.0,0.009482758620689655,当日日盘开盘价
20230103,XSGE,上期所,NI,NI2303,01:00,58,227550.0,00:59,228900.0,09:01,227070.0,1211,0.002113885585942661,0.005897771952817824,当日日盘开盘价
20230103,XSGE,上期所,NI,NI2304,01:00,503,226600.0,00:59,225600.0,09:01,224100.0,81,0.011155734047300312,0.004432624113475178,padding价(前收盘)
20230103,XSGE,上期所,NI,NI2305,01:00,502,223980.0,00:59,222450.0,09:01,220130.0,81,0.01748966519783764,0.006877950101146325,padding价(前收盘)
20230103,XSGE,上期所,PB,PB2301,01:00,615,15835.0,00:59,15810.0,09:01,15835.0,50,0.0,0.0015812776723592662,当日日盘开盘价
20230103,XSGE,上期所,PB,PB2302,01:00,285,16050.0,00:59,15925.0,09:01,16015.0,3933,0.0021854511395566654,0.007849293563579277,当日日盘开盘价
20230103,XSGE,上期所,PB,PB2303,01:00,11,15975.0,00:59,15935.0,09:01,16000.0,1950,0.0015625,0.0025101976780671476,当日日盘开盘价
20230103,XSGE,上期所,PB,PB2304,01:00,2,15970.0,00:59,15950.0,09:01,15970.0,207,0.0,0.0012539184952978057,当日日盘开盘价
20230103,XSGE,上期所,SN,SN2302,01:00,93,210000.0,00:59,211890.0,09:01,211000.0,3245,0.004739336492890996,0.008919722497522299,当日日盘开盘价
20230103,XSGE,上期所,SN,SN2303,01:00,20,211420.0,00:59,211920.0,09:01,211000.0,972,0.001990521327014218,0.002359380898452246,当日日盘开盘价
20230103,XSGE,上期所,SN,SN2304,01:00,30,212090.0,00:59,212090.0,09:01,211200.0,42,0.004214015151515152,0.0,padding价(前收盘)
20230103,XSGE,上期所,SS,SS2302,01:00,99,16850.0,00:59,16820.0,09:01,16900.0,3339,0.0029585798816568047,0.0017835909631391202,padding价(前收盘)
20230103,XSGE,上期所,SS,SS2303,01:00,5,16905.0,00:59,16860.0,09:01,16905.0,720,0.0,0.0026690391459074734,当日日盘开盘价
20230103,XSGE,上期所,ZN,ZN2301,01:00,245,23820.0,00:59,23950.0,09:01,23825.0,10,0.0002098635886673662,0.005427974947807933,当日日盘开盘价
20230103,XSGE,上期所,ZN,ZN2302,01:00,221,23800.0,00:59,23765.0,09:01,23800.0,3206,0.0,0.0014727540500736377,当日日盘开盘价
20230103,XSGE,上期所,ZN,ZN2303,01:00,214,23725.0,00:59,23730.0,09:01,23740.0,1087,0.0006318449873631002,0.00021070375052675939,padding价(前收盘)
20230103,XSIE,能源中心,BC,BC2303,01:00,8,59250.0,00:59,59210.0,09:01,59020.0,228,0.003896984073195527,0.0006755615605472049,padding价(前收盘)
20230103,XSIE,能源中心,SC,SC2302,02:30,347,568.2,02:29,562.8,09:01,568.2,1516,0.0,0.00959488272921125,当日日盘开盘价
20230103,XSIE,能源中心,SC,SC2303,02:30,269,573.6,02:29,569.2,09:01,574.0,872,0.0006968641114982183,0.007730147575544583,当日日盘开盘价
20230103,XSIE,能源中心,SC,SC2304,02:30,3,575.9,02:29,569.7,09:01,575.1,37,0.0013910624239261945,0.01088292083552735,当日日盘开盘价
20230406,XSGE,上期所,AG,AG2305,02:30,5,5498.0,02:29,5345.0,09:01,5489.0,805,0.0016396429222080525,0.02862488306828812,当日日盘开盘价
20230406,XSGE,上期所,AG,AG2306,02:30,2272,5488.0,02:29,5354.0,09:01,5482.0,34348,0.0010944910616563297,0.0250280164363093,当日日盘开盘价
20230406,XSGE,上期所,AG,AG2307,02:30,2577,5503.0,02:29,5362.0,09:01,5490.0,2513,0.0023679417122040073,0.02629615814994405,当日日盘开盘价
20230406,XSGE,上期所,AG,AG2308,02:30,4024,5521.0,02:29,5371.0,09:01,5519.0,2896,0.0003623844899438304,0.02792776019363247,当日日盘开盘价
20230406,XSGE,上期所,AG,AG2309,02:30,15,5482.0,02:29,5377.0,09:01,5501.0,1031,0.003453917469550991,0.01952761763064906,当日日盘开盘价
20230406,XSGE,上期所,AG,AG2310,02:30,1,5493.0,02:29,5385.0,09:01,5493.0,85,0.0,0.020055710306406686,当日日盘开盘价
20230406,XSGE,上期所,AG,AG2311,02:30,2,5502.0,02:29,5386.0,09:01,5502.0,32,0.0,0.021537318975120682,当日日盘开盘价
20230406,XSGE,上期所,AG,AG2312,02:30,281,5500.0,02:29,5397.0,09:01,5523.0,2167,0.00416440340394713,0.019084676672225312,当日日盘开盘价
20230406,XSGE,上期所,AG,AG2401,02:30,1,5515.0,02:29,5409.0,09:01,5515.0,34,0.0,0.01959696801626918,当日日盘开盘价
20230406,XSGE,上期所,AG,AG2403,02:30,2,5468.0,02:29,5412.0,09:01,5535.0,14,0.012104787714543812,0.010347376201034738,padding价(前收盘)
20230406,XSGE,上期所,AL,AL2305,01:00,1082,18550.0,00:59,18675.0,09:01,18560.0,6568,0.0005387931034482759,0.006693440428380187,当日日盘开盘价
20230406,XSGE,上期所,AL,AL2306,01:00,452,18550.0,00:59,18660.0,09:01,18530.0,1765,0.0010793308148947653,0.005894962486602358,当日日盘开盘价
20230406,XSGE,上期所,AL,AL2307,01:00,16,18495.0,00:59,18600.0,09:01,18495.0,323,0.0,0.00564516129032258,当日日盘开盘价
20230406,XSGE,上期所,AU,AU2304,02:30,3,445.3,02:29,439.98,09:01,445.3,54,0.0,0.012091458702668288,当日日盘开盘价
20230406,XSGE,上期所,AU,AU2306,02:30,206,447.56,02:29,440.7,09:01,447.58,3896,4.4684749095093194e-05,0.015566144769684624,当日日盘开盘价
20230406,XSGE,上期所,AU,AU2308,02:30,712,448.56,02:29,441.44,09:01,448.24,1380,0.0007139032661074272,0.016129032258064526,当日日盘开盘价
20230406,XSGE,上期所,AU,AU2310,02:30,513,449.1,02:29,441.96,09:01,449.14,213,8.905909070660289e-05,0.016155308172685408,当日日盘开盘价
20230406,XSGE,上期所,AU,AU2312,02:30,22,449.78,02:29,442.7,09:01,449.78,281,0.0,0.015992771628642388,当日日盘开盘价
20230406,XSGE,上期所,AU,AU2404,02:30,1,444.98,02:29,443.16,09:01,449.98,12,0.011111604960220454,0.004106868850979314,padding价(前收盘)
20230406,XSGE,上期所,CU,CU2305,01:00,416,68500.0,00:59,69080.0,09:01,68520.0,4534,0.0002918855808523059,0.008396062536189925,当日日盘开盘价
20230406,XSGE,上期所,CU,CU2306,01:00,352,68450.0,00:59,68930.0,09:01,68500.0,2069,0.00072992700729927,0.006963586246917162,当日日盘开盘价
20230406,XSGE,上期所,CU,CU2307,01:00,261,68190.0,00:59,68730.0,09:01,68200.0,278,0.0001466275659824047,0.00785683107813182,当日日盘开盘价
20230406,XSGE,上期所,CU,CU2308,01:00,103,68110.0,00:59,68570.0,09:01,68370.0,324,0.003802837501828287,0.006708473093189442,当日日盘开盘价
20230406,XSGE,上期所,CU,CU2310,01:00,1,68120.0,00:59,68430.0,09:01,68120.0,2,0.0,0.004530176823030835,当日日盘开盘价
20230406,XSGE,上期所,CU,CU2311,01:00,1,68200.0,00:59,68420.0,09:01,68100.0,13,0.0014684287812041115,0.003215434083601286,当日日盘开盘价
20230406,XSGE,上期所,CU,CU2402,01:00,1,68000.0,00:59,68100.0,09:01,68000.0,1,0.0,0.0014684287812041115,当日日盘开盘价
20230406,XSGE,上期所,NI,NI2305,01:00,1354,174200.0,00:59,176860.0,09:01,174300.0,3106,0.0005737234652897303,0.015040144747257718,当日日盘开盘价
20230406,XSGE,上期所,NI,NI2306,01:00,1240,171300.0,00:59,172950.0,09:01,171300.0,1171,0.0,0.009540329575021683,当日日盘开盘价
20230406,XSGE,上期所,NI,NI2307,01:00,325,167990.0,00:59,169930.0,09:01,167990.0,229,0.0,0.011416465603483788,当日日盘开盘价
20230406,XSGE,上期所,NI,NI2401,01:00,1,163960.0,00:59,164510.0,09:01,163960.0,4,0.0,0.0033432618077928393,当日日盘开盘价
20230406,XSGE,上期所,PB,PB2305,01:00,468,15190.0,00:59,15205.0,09:01,15195.0,1945,0.0003290556103981573,0.0009865175928970734,当日日盘开盘价
20230406,XSGE,上期所,PB,PB2306,01:00,23,15220.0,00:59,15205.0,09:01,15220.0,425,0.0,0.0009865175928970734,当日日盘开盘价
20230406,XSGE,上期所,PB,PB2307,01:00,100,15195.0,00:59,15195.0,09:01,15195.0,11,0.0,0.0,padding价(前收盘)
20230406,XSGE,上期所,SN,SN2304,01:00,20,198000.0,00:59,203720.0,09:01,198290.0,28,0.0014625044127288315,0.028077753779697623,当日日盘开盘价
20230406,XSGE,上期所,SN,SN2305,01:00,245,199000.0,00:59,203880.0,09:01,199200.0,4167,0.001004016064257028,0.023935648420639593,当日日盘开盘价
20230406,XSGE,上期所,SN,SN2306,01:00,48,200000.0,00:59,203680.0,09:01,199300.0,1319,0.0035122930255895636,0.018067556952081697,当日日盘开盘价
20230406,XSGE,上期所,SN,SN2307,01:00,51,199050.0,00:59,203490.0,09:01,199000.0,242,0.0002512562814070352,0.02181925401739643,当日日盘开盘价
20230406,XSGE,上期所,SN,SN2309,01:00,2,199170.0,00:59,202360.0,09:01,199020.0,17,0.0007536930961712391,0.015763984977268233,当日日盘开盘价
20230406,XSGE,上期所,SS,SS2305,01:00,188,14500.0,00:59,14580.0,09:01,14515.0,3003,0.0010334137099552187,0.0054869684499314125,当日日盘开盘价
20230406,XSGE,上期所,SS,SS2306,01:00,19,14365.0,00:59,14450.0,09:01,14350.0,676,0.0010452961672473868,0.0058823529411764705,当日日盘开盘价
20230406,XSGE,上期所,SS,SS2307,01:00,5,14300.0,00:59,14315.0,09:01,14270.0,165,0.002102312543798178,0.001047851903597625,padding价(前收盘)
20230406,XSGE,上期所,SS,SS2308,01:00,2,14250.0,00:59,14215.0,09:01,14250.0,36,0.0,0.0024621878297572987,当日日盘开盘价
20230406,XSGE,上期所,SS,SS2309,01:00,4,14120.0,00:59,14130.0,09:01,14120.0,55,0.0,0.0007077140835102619,当日日盘开盘价
20230406,XSGE,上期所,ZN,ZN2305,01:00,294,22130.0,00:59,22450.0,09:01,22175.0,4691,0.002029312288613303,0.014253897550111359,当日日盘开盘价
20230406,XSGE,上期所,ZN,ZN2306,01:00,302,22105.0,00:59,22335.0,09:01,22090.0,1199,0.000679040289723857,0.01029773897470338,当日日盘开盘价
20230406,XSGE,上期所,ZN,ZN2307,01:00,1,21930.0,00:59,22185.0,09:01,21930.0,207,0.0,0.011494252873563218,当日日盘开盘价
20230406,XSGE,上期所,ZN,ZN2308,01:00,5,21895.0,00:59,22060.0,09:01,21895.0,29,0.0,0.007479601087941976,当日日盘开盘价
20230406,XSGE,上期所,ZN,ZN2309,01:00,350,21895.0,00:59,21945.0,09:01,21895.0,7,0.0,0.00227842333105491,当日日盘开盘价
20230406,XSIE,能源中心,BC,BC2306,01:00,8,60900.0,00:59,61370.0,09:01,60900.0,253,0.0,0.007658465048069089,当日日盘开盘价
20230406,XSIE,能源中心,BC,BC2307,01:00,23,60830.0,00:59,61310.0,09:01,60830.0,84,0.0,0.00782906540531724,当日日盘开盘价
20230406,XSIE,能源中心,SC,SC2305,02:30,35,580.0,02:29,583.4,09:01,580.9,1397,0.0015493200206575612,0.005827905382241991,当日日盘开盘价
20230406,XSIE,能源中心,SC,SC2306,02:30,110,581.0,02:29,582.5,09:01,579.5,526,0.0025884383088869713,0.002575107296137339,padding价(前收盘)
20230504,XSGE,上期所,AG,AG2306,02:30,1676,5760.0,02:29,5619.0,09:01,5753.0,22401,0.00121675647488267,0.025093432995194873,当日日盘开盘价
20230504,XSGE,上期所,AG,AG2307,02:30,23,5779.0,02:29,5628.0,09:01,5750.0,1342,0.005043478260869565,0.026830135039090264,当日日盘开盘价
20230504,XSGE,上期所,AG,AG2308,02:30,105,5798.0,02:29,5639.0,09:01,5765.0,4061,0.00572419774501301,0.028196488739138145,当日日盘开盘价
20230504,XSGE,上期所,AG,AG2309,02:30,45,5750.0,02:29,5650.0,09:01,5770.0,1035,0.0034662045060658577,0.017699115044247787,当日日盘开盘价
20230504,XSGE,上期所,AG,AG2310,02:30,1,5762.0,02:29,5656.0,09:01,5793.0,117,0.00535128603486967,0.01874115983026874,当日日盘开盘价
20230504,XSGE,上期所,AG,AG2312,02:30,182,5754.0,02:29,5674.0,09:01,5788.0,2905,0.005874222529371113,0.014099400775467043,当日日盘开盘价
20230504,XSGE,上期所,AG,AG2401,02:30,1,5794.0,02:29,5688.0,09:01,5818.0,96,0.004125128910278446,0.018635724331926864,当日日盘开盘价
20230504,XSGE,上期所,AG,AG2403,02:30,1,5795.0,02:29,5692.0,09:01,5824.0,37,0.004979395604395604,0.01809557273366128,当日日盘开盘价
20230504,XSGE,上期所,AG,AG2404,02:30,1,5805.0,02:29,5704.0,09:01,5805.0,16,0.0,0.01770687237026648,当日日盘开盘价
20230504,XSGE,上期所,AL,AL2306,01:00,309,18415.0,00:59,18470.0,09:01,18415.0,4078,0.0,0.002977801840822956,当日日盘开盘价
20230504,XSGE,上期所,AL,AL2307,01:00,155,18425.0,00:59,18435.0,09:01,18405.0,1498,0.0010866612333604998,0.0005424464334147003,padding价(前收盘)
20230504,XSGE,上期所,AU,AU2306,02:30,130,457.66,02:29,444.04,09:01,457.98,3465,0.0006987204681426988,0.030672912350238727,当日日盘开盘价
20230504,XSGE,上期所,AU,AU2308,02:30,161,458.26,02:29,445.2,09:01,458.5,4026,0.0005234460196292456,0.029335130278526512,当日日盘开盘价
20230504,XSGE,上期所,AU,AU2310,02:30,9,459.22,02:29,446.26,09:01,459.2,634,4.355400696872529e-05,0.029041366019809164,当日日盘开盘价
20230504,XSGE,上期所,AU,AU2312,02:30,28,459.12,02:29,447.1,09:01,459.12,544,0.0,0.026884365913665803,当日日盘开盘价
20230504,XSGE,上期所,AU,AU2402,02:30,8,458.56,02:29,447.68,09:01,460.56,47,0.004342539517109605,0.024303073624017145,当日日盘开盘价
20230504,XSGE,上期所,AU,AU2404,02:30,6,457.04,02:29,448.28,09:01,458.5,36,0.0031842966194110785,0.01954135807977168,当日日盘开盘价
20230504,XSGE,上期所,CU,CU2305,01:00,650,66860.0,00:59,67550.0,09:01,66860.0,595,0.0,0.010214655810510733,当日日盘开盘价
20230504,XSGE,上期所,CU,CU2306,01:00,609,66850.0,00:59,67410.0,09:01,66870.0,4182,0.0002990877822640945,0.008307372793354102,当日日盘开盘价
20230504,XSGE,上期所,CU,CU2307,01:00,69,66710.0,00:59,67320.0,09:01,66750.0,1373,0.000599250936329588,0.009061200237670826,当日日盘开盘价
20230504,XSGE,上期所,CU,CU2308,01:00,3,66640.0,00:59,67220.0,09:01,66640.0,254,0.0,0.008628384409401963,当日日盘开盘价
20230504,XSGE,上期所,CU,CU2309,01:00,3,66660.0,00:59,67180.0,09:01,66660.0,199,0.0,0.007740398928252456,当日日盘开盘价
20230504,XSGE,上期所,CU,CU2310,01:00,2,66570.0,00:59,67010.0,09:01,66570.0,15,0.0,0.006566184151619161,当日日盘开盘价
20230504,XSGE,上期所,NI,NI2305,01:00,54,189520.0,00:59,189100.0,09:01,189520.0,0,0.0,0.0022210470650449498,当日日盘开盘价
20230504,XSGE,上期所,NI,NI2306,01:00,189,185020.0,00:59,182320.0,09:01,184970.0,3508,0.00027031410498999837,0.014809126810004387,当日日盘开盘价
20230504,XSGE,上期所,NI,NI2307,01:00,132,180000.0,00:59,178000.0,09:01,180360.0,1027,0.001996007984031936,0.011235955056179775,当日日盘开盘价
20230504,XSGE,上期所,PB,PB2306,01:00,228,15270.0,00:59,15255.0,09:01,15250.0,4844,0.0013114754098360656,0.0009832841691248771,padding价(前收盘)
20230504,XSGE,上期所,PB,PB2307,01:00,12,15220.0,00:59,15245.0,09:01,15205.0,974,0.0009865175928970734,0.0016398819285011479,当日日盘开盘价
20230504,XSGE,上期所,SN,SN2305,01:00,10,211680.0,00:59,211680.0,09:01,211680.0,0,0.0,0.0,padding价(前收盘)
20230504,XSGE,上期所,SN,SN2306,01:00,775,212010.0,00:59,212380.0,09:01,212180.0,2657,0.0008012065227636912,0.0017421602787456446,当日日盘开盘价
20230504,XSGE,上期所,SN,SN2307,01:00,10,213110.0,00:59,212390.0,09:01,213100.0,793,4.692632566870014e-05,0.0033899901125288385,当日日盘开盘价
20230504,XSGE,上期所,SN,SN2309,01:00,1,211190.0,00:59,211740.0,09:01,212350.0,25,0.0054626795384977635,0.0025975252668366867,padding价(前收盘)
20230504,XSGE,上期所,SS,SS2305,01:00,396,15545.0,00:59,15625.0,09:01,15545.0,0,0.0,0.00512,当日日盘开盘价
20230504,XSGE,上期所,SS,SS2306,01:00,86,15330.0,00:59,15300.0,09:01,15350.0,3385,0.0013029315960912053,0.00196078431372549,当日日盘开盘价
20230504,XSGE,上期所,SS,SS2307,01:00,11,15130.0,00:59,15105.0,09:01,15130.0,1043,0.0,0.0016550810989738498,当日日盘开盘价
20230504,XSGE,上期所,SS,SS2309,01:00,397,14905.0,00:59,14850.0,09:01,14930.0,148,0.0016744809109176155,0.003703703703703704,当日日盘开盘价
20230504,XSGE,上期所,ZN,ZN2306,01:00,281,21195.0,00:59,21280.0,09:01,21200.0,5089,0.0002358490566037736,0.003994360902255639,当日日盘开盘价
20230504,XSGE,上期所,ZN,ZN2307,01:00,1505,21100.0,00:59,21095.0,09:01,21050.0,936,0.0023752969121140144,0.00023702299123014932,padding价(前收盘)
20230504,XSIE,能源中心,BC,BC2307,01:00,56,59200.0,00:59,59660.0,09:01,59200.0,252,0.0,0.0077103586992960105,当日日盘开盘价
20230504,XSIE,能源中心,BC,BC2308,01:00,152,59000.0,00:59,59660.0,09:01,59170.0,119,0.0028730775730944737,0.011062688568555145,当日日盘开盘价
20230504,XSIE,能源中心,SC,SC2306,02:30,147,488.0,02:29,531.7,09:01,489.4,3760,0.0028606456885982372,0.08218920443859327,当日日盘开盘价
20230504,XSIE,能源中心,SC,SC2307,02:30,230,491.0,02:29,532.0,09:01,491.0,1642,0.0,0.07706766917293233,当日日盘开盘价
20230504,XSIE,能源中心,SC,SC2308,02:30,9,497.8,02:29,531.5,09:01,491.6,234,0.012611879576891758,0.06340545625587957,当日日盘开盘价
20230504,XSIE,能源中心,SC,SC2309,02:30,2,498.9,02:29,532.1,09:01,490.6,117,0.016918059518956287,0.06239428678819779,当日日盘开盘价
20230504,XSIE,能源中心,SC,SC2312,02:30,1,501.8,02:29,533.0,09:01,501.8,1,0.0,0.058536585365853634,当日日盘开盘价
20240102,XSGE,上期所,AG,AG2402,02:30,1495,5972.0,02:30,5976.0,09:01,5976.0,0,0.0006693440428380187,0.0006693440428380187,padding价(前收盘)
20240102,XSGE,上期所,AG,AG2403,02:30,1,5972.0,02:30,5981.0,09:01,5981.0,0,0.0015047650894499248,0.0015047650894499248,padding价(前收盘)
20240102,XSGE,上期所,AG,AG2404,02:30,11626,5970.0,02:30,5989.0,09:01,5989.0,0,0.003172482885289698,0.003172482885289698,padding价(前收盘)
20240102,XSGE,上期所,AG,AG2405,02:30,15,5989.0,02:30,5997.0,09:01,5997.0,0,0.0013340003335000834,0.0013340003335000834,padding价(前收盘)
20240102,XSGE,上期所,AG,AG2406,02:30,135,5995.0,02:30,5999.0,09:01,5999.0,0,0.0006667777962993832,0.0006667777962993832,padding价(前收盘)
20240102,XSGE,上期所,AG,AG2409,02:30,1,6024.0,02:30,6019.0,09:01,6019.0,0,0.000830702774547267,0.000830702774547267,padding价(前收盘)
20240102,XSGE,上期所,AG,AG2410,02:30,3,6033.0,02:30,6034.0,09:01,6034.0,0,0.00016572754391779913,0.00016572754391779913,padding价(前收盘)
20240102,XSGE,上期所,AL,AL2402,01:00,264,19525.0,01:00,19505.0,09:01,19505.0,0,0.0010253781081773904,0.0010253781081773904,padding价(前收盘)
20240102,XSGE,上期所,AL,AL2403,01:00,10,19465.0,01:00,19465.0,09:01,19465.0,0,0.0,0.0,padding价(前收盘)
20240102,XSGE,上期所,AL,AL2404,01:00,12,19375.0,01:00,19440.0,09:01,19440.0,0,0.0033436213991769547,0.0033436213991769547,padding价(前收盘)
20240102,XSGE,上期所,AO,AO2402,01:00,192,3354.0,,0.0,09:01,3354.0,2311,0.0,,padding价(前收盘)
20240102,XSGE,上期所,AO,AO2403,01:00,16733,3359.0,,0.0,09:01,3360.0,974,0.00029761904761904765,,padding价(前收盘)
20240102,XSGE,上期所,AO,AO2405,01:00,1,3310.0,,0.0,09:01,3309.0,12,0.0003022061045633122,,padding价(前收盘)
20240102,XSGE,上期所,AU,AU2402,02:30,57,481.24,02:30,481.7,09:01,481.7,0,0.0009549512144487846,0.0009549512144487846,padding价(前收盘)
20240102,XSGE,上期所,AU,AU2404,02:30,34,482.06,02:30,482.16,09:01,482.16,0,0.00020740003318405246,0.00020740003318405246,padding价(前收盘)
20240102,XSGE,上期所,AU,AU2406,02:30,5,482.88,02:30,483.08,09:01,483.08,0,0.0004140101018464615,0.0004140101018464615,padding价(前收盘)
20240102,XSGE,上期所,AU,AU2408,02:30,6,483.94,02:30,484.08,09:01,484.08,0,0.00028920839530653273,0.00028920839530653273,padding价(前收盘)
20240102,XSGE,上期所,AU,AU2410,02:30,1,484.3,02:30,484.62,09:01,484.62,0,0.0006603111716396212,0.0006603111716396212,padding价(前收盘)
20240102,XSGE,上期所,CU,CU2401,01:00,10,68920.0,01:00,69230.0,09:01,69230.0,0,0.004477827531417016,0.004477827531417016,padding价(前收盘)
20240102,XSGE,上期所,CU,CU2402,01:00,83,68750.0,01:00,68920.0,09:01,68920.0,0,0.0024666279744631455,0.0024666279744631455,padding价(前收盘)
20240102,XSGE,上期所,CU,CU2403,01:00,50,68790.0,01:00,68890.0,09:01,68890.0,0,0.0014515894904920889,0.0014515894904920889,padding价(前收盘)
20240102,XSGE,上期所,CU,CU2404,01:00,34,68750.0,01:00,68870.0,09:01,68870.0,0,0.0017424132423406419,0.0017424132423406419,padding价(前收盘)
20240102,XSGE,上期所,CU,CU2405,01:00,4,68700.0,01:00,68820.0,09:01,68820.0,0,0.0017436791630340018,0.0017436791630340018,padding价(前收盘)
20240102,XSGE,上期所,NI,NI2402,01:00,240,125640.0,01:00,125210.0,09:01,125210.0,0,0.003434230492772143,0.003434230492772143,padding价(前收盘)
20240102,XSGE,上期所,NI,NI2403,01:00,677,126000.0,01:00,125200.0,09:01,125200.0,0,0.006389776357827476,0.006389776357827476,padding价(前收盘)
20240102,XSGE,上期所,NI,NI2404,01:00,589,125930.0,01:00,125340.0,09:01,125340.0,0,0.004707196425722036,0.004707196425722036,padding价(前收盘)
20240102,XSGE,上期所,NI,NI2405,01:00,122,125600.0,01:00,125430.0,09:01,125430.0,0,0.0013553376385234792,0.0013553376385234792,padding价(前收盘)
20240102,XSGE,上期所,NI,NI2409,01:00,1,125600.0,01:00,125300.0,09:01,125300.0,0,0.0023942537909018356,0.0023942537909018356,padding价(前收盘)
20240102,XSGE,上期所,PB,PB2402,01:00,227,15900.0,01:00,15875.0,09:01,15875.0,0,0.0015748031496062992,0.0015748031496062992,padding价(前收盘)
20240102,XSGE,上期所,PB,PB2403,01:00,514,15850.0,01:00,15875.0,09:01,15875.0,0,0.0015748031496062992,0.0015748031496062992,padding价(前收盘)
20240102,XSGE,上期所,SN,SN2402,01:00,95,211000.0,01:00,212100.0,09:01,212100.0,0,0.005186232909005186,0.005186232909005186,padding价(前收盘)
20240102,XSGE,上期所,SN,SN2403,01:00,14,210930.0,01:00,212230.0,09:01,212230.0,0,0.006125429958064364,0.006125429958064364,padding价(前收盘)
20240102,XSGE,上期所,SS,SS2402,01:00,113,13705.0,01:00,13680.0,09:01,13680.0,0,0.001827485380116959,0.001827485380116959,padding价(前收盘)
20240102,XSGE,上期所,SS,SS2403,01:00,47,13665.0,01:00,13700.0,09:01,13700.0,0,0.0025547445255474453,0.0025547445255474453,padding价(前收盘)
20240102,XSGE,上期所,SS,SS2405,01:00,41,13725.0,01:00,13710.0,09:01,13710.0,0,0.0010940919037199124,0.0010940919037199124,padding价(前收盘)
20240102,XSGE,上期所,ZN,ZN2402,01:00,329,21645.0,01:00,21545.0,09:01,21545.0,0,0.004641448131817127,0.004641448131817127,padding价(前收盘)
20240102,XSGE,上期所,ZN,ZN2403,01:00,4,21500.0,01:00,21515.0,09:01,21515.0,0,0.0006971880083662561,0.0006971880083662561,padding价(前收盘)
20240102,XSIE,能源中心,BC,BC2403,01:00,4868,61330.0,01:00,61540.0,09:01,61540.0,0,0.0034124146896327592,0.0034124146896327592,padding价(前收盘)
20240102,XSIE,能源中心,BC,BC2404,01:00,215,61340.0,01:00,61450.0,09:01,61450.0,0,0.001790073230268511,0.001790073230268511,padding价(前收盘)
20240102,XSIE,能源中心,SC,SC2402,02:30,675,544.0,02:30,542.7,09:01,542.7,0,0.0023954302561266893,0.0023954302561266893,padding价(前收盘)
20240102,XSIE,能源中心,SC,SC2403,02:30,113,548.9,02:30,546.2,09:01,546.2,0,0.004943244232881603,0.004943244232881603,padding价(前收盘)
20240102,XSIE,能源中心,SC,SC2404,02:30,1,550.8,02:30,548.4,09:01,548.4,0,0.004376367614879609,0.004376367614879609,padding价(前收盘)
20240611,XSGE,上期所,AG,AG2407,02:30,28,7845.0,02:29,8220.0,09:01,7845.0,540,0.0,0.04562043795620438,当日日盘开盘价
20240611,XSGE,上期所,AG,AG2408,02:30,3592,7845.0,02:29,8221.0,09:01,7843.0,56989,0.0002550044625780951,0.045736528402870694,当日日盘开盘价
20240611,XSGE,上期所,AG,AG2409,02:30,84,7880.0,02:29,8229.0,09:01,7884.0,2745,0.0005073566717402334,0.04241098553894762,当日日盘开盘价
20240611,XSGE,上期所,AG,AG2410,02:30,400,7892.0,02:29,8227.0,09:01,7872.0,6970,0.002540650406504065,0.040719581864592194,当日日盘开盘价
20240611,XSGE,上期所,AG,AG2411,02:30,3,7898.0,02:29,8244.0,09:01,7865.0,594,0.004195804195804196,0.04196991751576904,当日日盘开盘价
20240611,XSGE,上期所,AG,AG2412,02:30,3152,7850.0,02:29,8249.0,09:01,7850.0,14321,0.0,0.04836949933325251,当日日盘开盘价
20240611,XSGE,上期所,AG,AG2501,02:30,9,7944.0,02:29,8260.0,09:01,7888.0,682,0.007099391480730223,0.038256658595641646,当日日盘开盘价
20240611,XSGE,上期所,AG,AG2502,02:30,81,7924.0,02:29,8261.0,09:01,7901.0,1371,0.0029110239210226553,0.04079409272485171,当日日盘开盘价
20240611,XSGE,上期所,AG,AG2503,02:30,4,7958.0,02:29,8268.0,09:01,7904.0,247,0.0068319838056680165,0.03749395258829221,当日日盘开盘价
20240611,XSGE,上期所,AG,AG2504,02:30,3,7964.0,02:29,8275.0,09:01,7912.0,314,0.006572295247724975,0.037583081570996976,当日日盘开盘价
20240611,XSGE,上期所,AG,AG2505,02:30,10,8014.0,02:29,8288.0,09:01,7919.0,361,0.011996464200025255,0.03305984555984556,当日日盘开盘价
20240611,XSGE,上期所,AL,AL2406,01:00,80,21100.0,00:59,21180.0,09:01,21050.0,460,0.0023752969121140144,0.003777148253068933,当日日盘开盘价
20240611,XSGE,上期所,AL,AL2407,01:00,372,21020.0,00:59,21220.0,09:01,21020.0,10905,0.0,0.00942507068803016,当日日盘开盘价
20240611,XSGE,上期所,AL,AL2408,01:00,473,21050.0,00:59,21295.0,09:01,21060.0,8377,0.0004748338081671415,0.01150504813336464,当日日盘开盘价
20240611,XSGE,上期所,AL,AL2409,01:00,144,21150.0,00:59,21330.0,09:01,21140.0,2785,0.0004730368968779565,0.008438818565400843,当日日盘开盘价
20240611,XSGE,上期所,AL,AL2410,01:00,55,21245.0,00:59,21350.0,09:01,21245.0,482,0.0,0.004918032786885246,当日日盘开盘价
20240611,XSGE,上期所,AL,AL2411,01:00,100,21345.0,00:59,21355.0,09:01,21185.0,314,0.007552513570922822,0.0004682744088035589,padding价(前收盘)
20240611,XSGE,上期所,AO,AO2407,01:00,114,3784.0,,0.0,09:01,3795.0,3803,0.002898550724637681,,padding价(前收盘)
20240611,XSGE,上期所,AO,AO2408,01:00,59,3799.0,,0.0,09:01,3798.0,681,0.0002632964718272775,,padding价(前收盘)
20240611,XSGE,上期所,AO,AO2409,01:00,56,3820.0,,0.0,09:01,3821.0,1037,0.00026171159382360636,,padding价(前收盘)
20240611,XSGE,上期所,AO,AO2410,01:00,1,3851.0,,0.0,09:01,3844.0,52,0.0018210197710718003,,padding价(前收盘)
20240611,XSGE,上期所,AU,AU2408,02:30,284,548.84,02:29,562.3,09:01,548.84,6119,0.0,0.02393739996443166,当日日盘开盘价
20240611,XSGE,上期所,AU,AU2410,02:30,108,548.5,02:29,564.06,09:01,550.02,1486,0.002763535871422824,0.027585717831436277,当日日盘开盘价
20240611,XSGE,上期所,AU,AU2412,02:30,171,550.0,02:29,565.88,09:01,552.0,1415,0.0036231884057971015,0.02806248674630663,当日日盘开盘价
20240611,XSGE,上期所,AU,AU2502,02:30,5,555.96,02:29,567.48,09:01,554.36,186,0.002886211126343933,0.0203002748995559,当日日盘开盘价
20240611,XSGE,上期所,AU,AU2504,02:30,5,555.8,02:29,569.56,09:01,555.8,76,0.0,0.024158999929770334,当日日盘开盘价
20240611,XSGE,上期所,AU,AU2506,02:30,1,559.98,02:29,571.06,09:01,558.0,37,0.0035483870967742263,0.01940251462193102,当日日盘开盘价
20240611,XSGE,上期所,CU,CU2406,01:00,5,80020.0,00:59,81200.0,09:01,80020.0,95,0.0,0.014532019704433498,当日日盘开盘价
20240611,XSGE,上期所,CU,CU2407,01:00,174,80620.0,00:59,81530.0,09:01,80640.0,4668,0.000248015873015873,0.011161535631056053,当日日盘开盘价
20240611,XSGE,上期所,CU,CU2408,01:00,640,80330.0,00:59,81720.0,09:01,80510.0,3189,0.0022357471121599803,0.017009300048947625,当日日盘开盘价
20240611,XSGE,上期所,CU,CU2409,01:00,118,80700.0,00:59,81780.0,09:01,80740.0,2607,0.0004954173891503591,0.013206162876008804,当日日盘开盘价
20240611,XSGE,上期所,CU,CU2410,01:00,7,80760.0,00:59,81880.0,09:01,80800.0,702,0.0004950495049504951,0.013678553981436248,当日日盘开盘价
20240611,XSGE,上期所,CU,CU2411,01:00,2,81000.0,00:59,81910.0,09:01,81000.0,193,0.0,0.011109754608716884,当日日盘开盘价
20240611,XSGE,上期所,CU,CU2412,01:00,43,80730.0,00:59,81920.0,09:01,81000.0,259,0.0033333333333333335,0.0145263671875,当日日盘开盘价
20240611,XSGE,上期所,CU,CU2501,01:00,12,80400.0,00:59,81950.0,09:01,80950.0,132,0.0067943174799258805,0.018913971934106162,当日日盘开盘价
20240611,XSGE,上期所,CU,CU2502,01:00,1,81130.0,00:59,81910.0,09:01,80610.0,38,0.006450812554273664,0.009522646807471615,当日日盘开盘价
20240611,XSGE,上期所,CU,CU2503,01:00,2,80600.0,00:59,81830.0,09:01,80600.0,21,0.0,0.015031162165464988,当日日盘开盘价
20240611,XSGE,上期所,CU,CU2505,01:00,1,80600.0,00:59,81680.0,09:01,80600.0,24,0.0,0.013222331047992164,当日日盘开盘价
20240611,XSGE,上期所,NI,NI2407,01:00,369,140000.0,00:59,142770.0,09:01,140220.0,4339,0.0015689630580516332,0.01940183511942285,当日日盘开盘价
20240611,XSGE,上期所,NI,NI2408,01:00,68,140940.0,00:59,143180.0,09:01,140820.0,583,0.0008521516829995739,0.01564464310657913,当日日盘开盘价
20240611,XSGE,上期所,NI,NI2409,01:00,155,142010.0,00:59,143660.0,09:01,141530.0,1598,0.003391507100967993,0.011485451761102604,当日日盘开盘价
20240611,XSGE,上期所,NI,NI2410,01:00,20,142500.0,00:59,144250.0,09:01,142500.0,328,0.0,0.012131715771230503,当日日盘开盘价
20240611,XSGE,上期所,PB,PB2407,01:00,120,18790.0,00:59,18870.0,09:01,18770.0,1921,0.0010655301012253596,0.0042395336512983575,当日日盘开盘价
20240611,XSGE,上期所,PB,PB2408,01:00,508,18705.0,00:59,18850.0,09:01,18705.0,2595,0.0,0.007692307692307693,当日日盘开盘价
20240611,XSGE,上期所,PB,PB2409,01:00,47,18650.0,00:59,18770.0,09:01,18650.0,255,0.0,0.006393180607352157,当日日盘开盘价
20240611,XSGE,上期所,SN,SN2407,01:00,106,265600.0,00:59,267580.0,09:01,265500.0,1880,0.0003766478342749529,0.007399656177591748,当日日盘开盘价
20240611,XSGE,上期所,SN,SN2408,01:00,61,264630.0,00:59,268500.0,09:01,266000.0,724,0.005150375939849624,0.01441340782122905,当日日盘开盘价
20240611,XSGE,上期所,SN,SN2409,01:00,14,267640.0,00:59,269070.0,09:01,267500.0,357,0.0005233644859813084,0.005314602148139889,当日日盘开盘价
20240611,XSGE,上期所,SS,SS2406,01:00,12,13835.0,00:59,13835.0,09:01,13835.0,0,0.0,0.0,padding价(前收盘)
20240611,XSGE,上期所,SS,SS2407,01:00,6,13750.0,00:59,13900.0,09:01,13800.0,474,0.0036231884057971015,0.01079136690647482,当日日盘开盘价
20240611,XSGE,上期所,SS,SS2409,01:00,248,14170.0,00:59,14240.0,09:01,14170.0,6490,0.0,0.0049157303370786515,当日日盘开盘价
20240611,XSGE,上期所,SS,SS2501,01:00,8,14395.0,00:59,14525.0,09:01,14395.0,212,0.0,0.008950086058519793,当日日盘开盘价
20240611,XSGE,上期所,ZN,ZN2406,01:00,35,23795.0,00:59,24120.0,09:01,23795.0,20,0.0,0.0134742951907131,当日日盘开盘价
20240611,XSGE,上期所,ZN,ZN2407,01:00,308,23780.0,00:59,24165.0,09:01,23825.0,5247,0.001888772298006296,0.015932133250569004,当日日盘开盘价
20240611,XSGE,上期所,ZN,ZN2408,01:00,118,23910.0,00:59,24195.0,09:01,23900.0,2908,0.00041841004184100416,0.011779293242405457,当日日盘开盘价
20240611,XSGE,上期所,ZN,ZN2409,01:00,24,23900.0,00:59,24175.0,09:01,23880.0,1169,0.0008375209380234506,0.011375387797311272,当日日盘开盘价
20240611,XSGE,上期所,ZN,ZN2410,01:00,6,23850.0,00:59,24115.0,09:01,23800.0,199,0.0021008403361344537,0.01098901098901099,当日日盘开盘价
20240611,XSGE,上期所,ZN,ZN2411,01:00,1,23800.0,00:59,24075.0,09:01,23800.0,39,0.0,0.01142263759086189,当日日盘开盘价
20240611,XSIE,能源中心,BC,BC2407,01:00,20,71860.0,00:59,72660.0,09:01,71660.0,585,0.0027909572983533353,0.011010184420589045,当日日盘开盘价
20240611,XSIE,能源中心,BC,BC2408,01:00,18,71410.0,00:59,72790.0,09:01,71410.0,335,0.0,0.01895864816595686,当日日盘开盘价
20240611,XSIE,能源中心,SC,SC2407,02:30,98,598.8,02:29,583.9,09:01,598.6,2835,0.00033411293017028364,0.02551806816235653,当日日盘开盘价
20240611,XSIE,能源中心,SC,SC2408,02:30,52,596.0,02:29,582.6,09:01,596.8,1230,0.0013404825737264655,0.02300034328870576,当日日盘开盘价
20240611,XSIE,能源中心,SC,SC2409,02:30,10,595.0,02:29,582.1,09:01,595.0,331,0.0,0.022161140697474623,当日日盘开盘价
20240918,XSGE,上期所,AG,AG2409,02:30,24,7348.0,02:29,7348.0,09:01,7348.0,0,0.0,0.0,padding价(前收盘)
20240918,XSGE,上期所,AG,AG2410,02:30,116,7521.0,02:29,7399.0,09:01,7511.0,1058,0.0013313806417254693,0.016488714691174484,当日日盘开盘价
20240918,XSGE,上期所,AG,AG2411,02:30,8,7522.0,02:29,7411.0,09:01,7522.0,284,0.0,0.014977735798137904,当日日盘开盘价
20240918,XSGE,上期所,AG,AG2412,02:30,1769,7527.0,02:29,7424.0,09:01,7520.0,20890,0.0009308510638297873,0.013873922413793104,当日日盘开盘价
20240918,XSGE,上期所,AG,AG2501,02:30,53,7531.0,02:29,7436.0,09:01,7531.0,696,0.0,0.01277568585260893,当日日盘开盘价
20240918,XSGE,上期所,AG,AG2502,02:30,81,7550.0,02:29,7444.0,09:01,7542.0,2513,0.0010607265977194379,0.014239656098871574,当日日盘开盘价
20240918,XSGE,上期所,AG,AG2503,02:30,4,7551.0,02:29,7459.0,09:01,7551.0,297,0.0,0.01233409304196273,当日日盘开盘价
20240918,XSGE,上期所,AG,AG2504,02:30,3,7601.0,02:29,7468.0,09:01,7600.0,186,0.00013157894736842105,0.0178093197643278,当日日盘开盘价
20240918,XSGE,上期所,AG,AG2505,02:30,4,7573.0,02:29,7477.0,09:01,7573.0,169,0.0,0.012839374080513576,当日日盘开盘价
20240918,XSGE,上期所,AG,AG2506,02:30,18,7583.0,02:29,7490.0,09:01,7583.0,195,0.0,0.012416555407209613,当日日盘开盘价
20240918,XSGE,上期所,AG,AG2508,02:30,3,7630.0,02:29,7506.0,09:01,7620.0,139,0.0013123359580052493,0.0165201172395417,当日日盘开盘价
20240918,XSGE,上期所,AL,AL2410,01:00,421,19900.0,00:59,19745.0,09:01,19930.0,7224,0.0015052684395383843,0.00785008863003292,当日日盘开盘价
20240918,XSGE,上期所,AL,AL2411,01:00,632,20050.0,00:59,19755.0,09:01,20010.0,8051,0.001999000499750125,0.014932928372563908,当日日盘开盘价
20240918,XSGE,上期所,AL,AL2412,01:00,40,19980.0,00:59,19755.0,09:01,19955.0,2077,0.0012528188423953897,0.011389521640091117,当日日盘开盘价
20240918,XSGE,上期所,AL,AL2501,01:00,16,19990.0,00:59,19760.0,09:01,19955.0,658,0.0017539463793535455,0.011639676113360324,当日日盘开盘价
20240918,XSGE,上期所,AL,AL2502,01:00,1,19910.0,00:59,19790.0,09:01,19910.0,105,0.0,0.00606366851945427,当日日盘开盘价
20240918,XSGE,上期所,AO,AO2410,01:00,87,4035.0,,0.0,09:01,4020.0,2288,0.0037313432835820895,,padding价(前收盘)
20240918,XSGE,上期所,AO,AO2411,01:00,559,4030.0,,0.0,09:01,4026.0,5020,0.0009935419771485345,,padding价(前收盘)
20240918,XSGE,上期所,AO,AO2412,01:00,180,4001.0,,0.0,09:01,3983.0,1669,0.0045192066281697215,,padding价(前收盘)
20240918,XSGE,上期所,AO,AO2501,01:00,136,3892.0,,0.0,09:01,3891.0,1517,0.00025700334104343357,,padding价(前收盘)
20240918,XSGE,上期所,AU,AU2410,02:30,93,584.88,02:29,583.58,09:01,584.86,1321,3.419621789826934e-05,0.0022276294595427438,当日日盘开盘价
20240918,XSGE,上期所,AU,AU2412,02:30,119,586.32,02:29,585.44,09:01,586.42,1386,0.00017052624398879483,0.0015031429352281966,当日日盘开盘价
20240918,XSGE,上期所,AU,AU2502,02:30,7,589.04,02:29,587.18,09:01,588.9,208,0.00023773136355915498,0.0031676828229844577,当日日盘开盘价
20240918,XSGE,上期所,AU,AU2506,02:30,4,592.74,02:29,590.38,09:01,592.74,38,0.0,0.00399742538703888,当日日盘开盘价
20240918,XSGE,上期所,AU,AU2508,02:30,1,593.74,02:29,592.12,09:01,593.74,4,0.0,0.002735931905694799,当日日盘开盘价
20240918,XSGE,上期所,CU,CU2409,01:00,5,74410.0,00:59,73970.0,09:01,74410.0,0,0.0,0.0059483574422063,当日日盘开盘价
20240918,XSGE,上期所,CU,CU2410,01:00,468,74610.0,00:59,73960.0,09:01,74600.0,3098,0.00013404825737265417,0.008788534342888048,当日日盘开盘价
20240918,XSGE,上期所,CU,CU2411,01:00,244,74500.0,00:59,73920.0,09:01,74500.0,2288,0.0,0.007846320346320346,当日日盘开盘价
20240918,XSGE,上期所,CU,CU2412,01:00,137,74400.0,00:59,73880.0,09:01,74490.0,1558,0.0012082158679017317,0.007038440714672442,当日日盘开盘价
20240918,XSGE,上期所,CU,CU2501,01:00,80,74320.0,00:59,73820.0,09:01,74450.0,689,0.0017461383478844861,0.00677323218639935,当日日盘开盘价
20240918,XSGE,上期所,CU,CU2502,01:00,40,74220.0,00:59,73820.0,09:01,74220.0,107,0.0,0.00541858574911948,当日日盘开盘价
20240918,XSGE,上期所,CU,CU2503,01:00,40,74250.0,00:59,73910.0,09:01,74250.0,90,0.0,0.004600189419564335,当日日盘开盘价
20240918,XSGE,上期所,CU,CU2504,01:00,40,74170.0,00:59,73920.0,09:01,74170.0,42,0.0,0.003382034632034632,当日日盘开盘价
20240918,XSGE,上期所,CU,CU2505,01:00,40,74160.0,00:59,73920.0,09:01,74160.0,33,0.0,0.003246753246753247,当日日盘开盘价
20240918,XSGE,上期所,CU,CU2506,01:00,40,74140.0,00:59,73840.0,09:01,74140.0,8,0.0,0.004062838569880823,当日日盘开盘价
20240918,XSGE,上期所,NI,NI2410,01:00,81,124410.0,00:59,124110.0,09:01,124410.0,1951,0.0,0.00241721053903795,当日日盘开盘价
20240918,XSGE,上期所,NI,NI2411,01:00,33,125000.0,00:59,124420.0,09:01,124650.0,577,0.002807862013638187,0.004661629963028452,当日日盘开盘价
20240918,XSGE,上期所,NI,NI2412,01:00,13,125000.0,00:59,124790.0,09:01,125000.0,167,0.0,0.001682827149611347,当日日盘开盘价
20240918,XSGE,上期所,NI,NI2501,01:00,32,125200.0,00:59,125150.0,09:01,125300.0,207,0.0007980845969672786,0.00039952057530962844,padding价(前收盘)
20240918,XSGE,上期所,PB,PB2410,01:00,165,16555.0,00:59,16715.0,09:01,16555.0,2156,0.0,0.009572240502542627,当日日盘开盘价
20240918,XSGE,上期所,PB,PB2411,01:00,26,16600.0,00:59,16700.0,09:01,16580.0,786,0.0012062726176115801,0.005988023952095809,当日日盘开盘价
20240918,XSGE,上期所,SN,SN2410,01:00,191,258300.0,00:59,257470.0,09:01,258330.0,1350,0.00011613053071652537,0.0032236765448401756,当日日盘开盘价
20240918,XSGE,上期所,SN,SN2411,01:00,10,259180.0,00:59,257780.0,09:01,258840.0,1069,0.0013135527739143872,0.005430987663899449,当日日盘开盘价
20240918,XSGE,上期所,SN,SN2412,01:00,1,258800.0,00:59,257590.0,09:01,258740.0,175,0.0002318930200200974,0.004697387320936372,当日日盘开盘价
20240918,XSGE,上期所,SS,SS2410,01:00,576,13250.0,00:59,13320.0,09:01,13250.0,187,0.0,0.005255255255255256,当日日盘开盘价
20240918,XSGE,上期所,SS,SS2411,01:00,183,13350.0,00:59,13350.0,09:01,13350.0,2186,0.0,0.0,padding价(前收盘)
20240918,XSGE,上期所,SS,SS2412,01:00,10,13340.0,00:59,13370.0,09:01,13340.0,356,0.0,0.002243829468960359,当日日盘开盘价
20240918,XSGE,上期所,SS,SS2501,01:00,2,13445.0,00:59,13445.0,09:01,13445.0,90,0.0,0.0,padding价(前收盘)
20240918,XSGE,上期所,ZN,ZN2409,01:00,10,24020.0,00:59,23900.0,09:01,24020.0,15,0.0,0.00502092050209205,当日日盘开盘价
20240918,XSGE,上期所,ZN,ZN2410,01:00,338,24045.0,00:59,23830.0,09:01,24060.0,4577,0.0006234413965087282,0.00902224087284935,当日日盘开盘价
20240918,XSGE,上期所,ZN,ZN2411,01:00,141,23875.0,00:59,23650.0,09:01,23880.0,3823,0.00020938023450586265,0.009513742071881607,当日日盘开盘价
20240918,XSGE,上期所,ZN,ZN2412,01:00,43,23750.0,00:59,23385.0,09:01,23670.0,1361,0.0033798056611744824,0.015608295916185589,当日日盘开盘价
20240918,XSGE,上期所,ZN,ZN2501,01:00,9,23350.0,00:59,23170.0,09:01,23350.0,285,0.0,0.007768666378938282,当日日盘开盘价
20240918,XSIE,能源中心,BC,BC2410,01:00,9,66270.0,00:59,65580.0,09:01,66270.0,278,0.0,0.010521500457456541,当日日盘开盘价
20240918,XSIE,能源中心,BC,BC2411,01:00,2,66350.0,00:59,65580.0,09:01,66490.0,178,0.00210557978643405,0.011741384568465995,当日日盘开盘价
20240918,XSIE,能源中心,SC,SC2410,02:30,122,523.6,02:29,513.1,09:01,523.4,1576,0.00038211692777998755,0.020463847203274214,当日日盘开盘价
20240918,XSIE,能源中心,SC,SC2411,02:30,59,520.7,02:29,513.6,09:01,522.5,3003,0.003444976076554937,0.013823987538940853,当日日盘开盘价
20240918,XSIE,能源中心,SC,SC2412,02:30,12,517.7,02:29,510.0,09:01,518.9,454,0.0023125843129696124,0.015098039215686363,当日日盘开盘价
20241008,XSGE,上期所,AG,AG2411,02:30,1,7803.0,02:29,7772.0,09:01,7806.0,171,0.0003843197540353574,0.003988677303139475,当日日盘开盘价
20241008,XSGE,上期所,AG,AG2412,02:30,1417,7826.0,02:29,7793.0,09:01,7826.0,13707,0.0,0.004234569485435647,当日日盘开盘价
20241008,XSGE,上期所,AG,AG2501,02:30,4,7836.0,02:29,7806.0,09:01,7836.0,532,0.0,0.003843197540353574,当日日盘开盘价
20241008,XSGE,上期所,AG,AG2502,02:30,67,7845.0,02:29,7819.0,09:01,7845.0,2146,0.0,0.003325233405806369,当日日盘开盘价
20241008,XSGE,上期所,AG,AG2504,02:30,2,7852.0,02:29,7841.0,09:01,7856.0,336,0.0005091649694501018,0.0014028822854227777,当日日盘开盘价
20241008,XSGE,上期所,AG,AG2506,02:30,40,7862.0,02:29,7862.0,09:01,7886.0,726,0.003043367993913264,0.0,padding价(前收盘)
20241008,XSGE,上期所,AL,AL2411,01:00,1280,20600.0,00:59,20460.0,09:01,20605.0,4987,0.0002426595486532395,0.006842619745845552,当日日盘开盘价
20241008,XSGE,上期所,AL,AL2412,01:00,138,20740.0,00:59,20510.0,09:01,20735.0,3326,0.00024113817217265494,0.01121404193076548,当日日盘开盘价
20241008,XSGE,上期所,AL,AL2501,01:00,15,20665.0,00:59,20515.0,09:01,20665.0,1035,0.0,0.007311723129417499,当日日盘开盘价
20241008,XSGE,上期所,AL,AL2502,01:00,5,20665.0,00:59,20540.0,09:01,20665.0,209,0.0,0.006085686465433301,当日日盘开盘价
20241008,XSGE,上期所,AO,AO2411,01:00,844,4279.0,,0.0,09:01,4279.0,5013,0.0,,padding价(前收盘)
20241008,XSGE,上期所,AO,AO2412,01:00,31,4250.0,,0.0,09:01,4250.0,1281,0.0,,padding价(前收盘)
20241008,XSGE,上期所,AO,AO2501,01:00,57,4118.0,,0.0,09:01,4118.0,2496,0.0,,padding价(前收盘)
20241008,XSGE,上期所,AO,AO2505,01:00,1,3800.0,,0.0,09:01,3800.0,16,0.0,,padding价(前收盘)
20241008,XSGE,上期所,AU,AU2412,02:30,119,598.0,02:29,596.72,09:01,597.96,3312,6.689410662914513e-05,0.0021450596594717332,当日日盘开盘价
20241008,XSGE,上期所,AU,AU2502,02:30,17,599.12,02:29,598.58,09:01,599.62,537,0.0008338614455822021,0.000902135052958608,当日日盘开盘价
20241008,XSGE,上期所,AU,AU2504,02:30,4,600.3,02:29,600.32,09:01,601.2,158,0.0014970059880241033,3.3315565032142015e-05,padding价(前收盘)
20241008,XSGE,上期所,AU,AU2506,02:30,6,602.5,02:29,602.2,09:01,603.0,74,0.0008291873963515755,0.0004981733643307115,padding价(前收盘)
20241008,XSGE,上期所,AU,AU2508,02:30,4,603.86,02:29,603.5,09:01,604.86,46,0.001653275138048474,0.0005965202982601718,padding价(前收盘)
20241008,XSGE,上期所,CU,CU2410,01:00,300,78720.0,00:59,78930.0,09:01,78830.0,1185,0.0013954078396549536,0.0026605853287723297,当日日盘开盘价
20241008,XSGE,上期所,CU,CU2411,01:00,218,78980.0,00:59,78830.0,09:01,79030.0,3929,0.0006326711375427053,0.001902828872256755,当日日盘开盘价
20241008,XSGE,上期所,CU,CU2412,01:00,54,78810.0,00:59,78800.0,09:01,78820.0,2102,0.0001268713524486171,0.0001269035532994924,当日日盘开盘价
20241008,XSGE,上期所,CU,CU2501,01:00,23,78730.0,00:59,78770.0,09:01,78870.0,459,0.0017750729047800178,0.000507807540941983,padding价(前收盘)
20241008,XSGE,上期所,CU,CU2502,01:00,9,78700.0,00:59,78890.0,09:01,78750.0,173,0.0006349206349206349,0.002408416782862213,当日日盘开盘价
20241008,XSGE,上期所,CU,CU2503,01:00,3,78590.0,00:59,78900.0,09:01,78690.0,41,0.0012708095056551023,0.0039290240811153355,当日日盘开盘价
20241008,XSGE,上期所,NI,NI2411,01:00,289,138210.0,00:59,132900.0,09:01,138800.0,6802,0.004250720461095101,0.0399548532731377,当日日盘开盘价
20241008,XSGE,上期所,NI,NI2412,01:00,84,137790.0,00:59,133200.0,09:01,138170.0,3314,0.002750235217485706,0.03445945945945946,当日日盘开盘价
20241008,XSGE,上期所,NI,NI2501,01:00,214,145200.0,00:59,133720.0,09:01,140130.0,2069,0.036180689359880114,0.08585103200717918,当日日盘开盘价
20241008,XSGE,上期所,PB,PB2411,01:00,351,17090.0,00:59,17055.0,09:01,17070.0,2915,0.0011716461628588166,0.0020521841102316037,当日日盘开盘价
20241008,XSGE,上期所,PB,PB2412,01:00,19,17295.0,00:59,17095.0,09:01,17145.0,1142,0.008748906386701663,0.011699327288680901,当日日盘开盘价
20241008,XSGE,上期所,PB,PB2501,01:00,4,17575.0,00:59,17100.0,09:01,17160.0,269,0.024184149184149184,0.027777777777777776,当日日盘开盘价
20241008,XSGE,上期所,SN,SN2410,01:00,18,266520.0,00:59,266000.0,09:01,266520.0,44,0.0,0.001954887218045113,当日日盘开盘价
20241008,XSGE,上期所,SN,SN2411,01:00,359,269200.0,00:59,265160.0,09:01,269130.0,2330,0.0002600973507226991,0.015236083873887463,当日日盘开盘价
20241008,XSGE,上期所,SN,SN2412,01:00,25,268740.0,00:59,265540.0,09:01,269140.0,912,0.0014862153526045924,0.01205091511636665,当日日盘开盘价
20241008,XSGE,上期所,SN,SN2501,01:00,9,268000.0,00:59,265440.0,09:01,269260.0,211,0.004679491940874991,0.009644364074743821,当日日盘开盘价
20241008,XSGE,上期所,SS,SS2410,01:00,60,13935.0,00:59,13900.0,09:01,13935.0,0,0.0,0.002517985611510791,当日日盘开盘价
20241008,XSGE,上期所,SS,SS2411,01:00,811,14210.0,00:59,13930.0,09:01,14210.0,6149,0.0,0.020100502512562814,当日日盘开盘价
20241008,XSGE,上期所,SS,SS2412,01:00,359,14250.0,00:59,14000.0,09:01,14250.0,4838,0.0,0.017857142857142856,当日日盘开盘价
20241008,XSGE,上期所,SS,SS2501,01:00,53,14260.0,00:59,14035.0,09:01,14260.0,1291,0.0,0.016031350195938723,当日日盘开盘价
20241008,XSGE,上期所,ZN,ZN2410,01:00,5,25500.0,00:59,25180.0,09:01,25610.0,75,0.004295197188598204,0.012708498808578236,当日日盘开盘价
20241008,XSGE,上期所,ZN,ZN2411,01:00,1179,25640.0,00:59,25120.0,09:01,25645.0,6664,0.00019496977968414895,0.020700636942675158,当日日盘开盘价
20241008,XSGE,上期所,ZN,ZN2412,01:00,508,26070.0,00:59,25065.0,09:01,25680.0,3091,0.015186915887850467,0.04009575104727708,当日日盘开盘价
20241008,XSGE,上期所,ZN,ZN2501,01:00,54,25185.0,00:59,24925.0,09:01,25335.0,1112,0.005920663114268798,0.010431293881644935,当日日盘开盘价
20241008,XSIE,能源中心,BC,BC2411,01:00,21,70700.0,00:59,70250.0,09:01,70700.0,422,0.0,0.006405693950177936,当日日盘开盘价
20241008,XSIE,能源中心,BC,BC2412,01:00,1,69930.0,00:59,70330.0,09:01,70590.0,32,0.009349766255843604,0.005687473339968719,padding价(前收盘)
20241008,XSIE,能源中心,SC,SC2411,02:30,208,580.1,02:29,543.5,09:01,580.1,347,0.0,0.06734130634774613,当日日盘开盘价
20241008,XSIE,能源中心,SC,SC2412,02:30,251,562.5,02:29,522.2,09:01,562.5,133,0.0,0.07717349674454223,当日日盘开盘价
20241008,XSIE,能源中心,SC,SC2501,02:30,32,555.7,02:29,515.6,09:01,555.7,35,0.0,0.07777346780449965,当日日盘开盘价
20241008,XSIE,能源中心,SC,SC2502,02:30,1,553.6,02:29,515.5,09:01,553.6,3,0.0,0.07390882638215329,当日日盘开盘价
20241008,XSIE,能源中心,SC,SC2503,02:30,1,549.7,02:29,513.6,09:01,549.7,1,0.0,0.07028816199376951,当日日盘开盘价
20250102,XSGE,上期所,AG,AG2502,02:30,3524,7506.0,02:30,7470.0,09:01,7470.0,0,0.004819277108433735,0.004819277108433735,padding价(前收盘)
20250102,XSGE,上期所,AG,AG2503,02:30,20,7501.0,02:30,7483.0,09:01,7483.0,0,0.002405452358679674,0.002405452358679674,padding价(前收盘)
20250102,XSGE,上期所,AG,AG2504,02:30,123,7510.0,02:30,7492.0,09:01,7492.0,0,0.002402562733582488,0.002402562733582488,padding价(前收盘)
20250102,XSGE,上期所,AG,AG2505,02:30,18,7524.0,02:30,7505.0,09:01,7505.0,0,0.002531645569620253,0.002531645569620253,padding价(前收盘)
20250102,XSGE,上期所,AG,AG2506,02:30,24,7543.0,02:30,7515.0,09:01,7515.0,0,0.0037258815701929474,0.0037258815701929474,padding价(前收盘)
20250102,XSGE,上期所,AG,AG2512,02:30,5,7593.0,02:30,7586.0,09:01,7586.0,0,0.0009227524387028737,0.0009227524387028737,padding价(前收盘)
20250102,XSGE,上期所,AL,AL2501,01:00,845,19735.0,01:00,19765.0,09:01,19765.0,0,0.0015178345560333923,0.0015178345560333923,padding价(前收盘)
20250102,XSGE,上期所,AL,AL2502,01:00,1203,19850.0,01:00,19780.0,09:01,19780.0,0,0.003538928210313448,0.003538928210313448,padding价(前收盘)
20250102,XSGE,上期所,AL,AL2503,01:00,28,19780.0,01:00,19805.0,09:01,19805.0,0,0.0012623074981065387,0.0012623074981065387,padding价(前收盘)
20250102,XSGE,上期所,AL,AL2504,01:00,8,19810.0,01:00,19835.0,09:01,19835.0,0,0.0012603982858583312,0.0012603982858583312,padding价(前收盘)
20250102,XSGE,上期所,AL,AL2505,01:00,1,19860.0,01:00,19860.0,09:01,19860.0,0,0.0,0.0,padding价(前收盘)
20250102,XSGE,上期所,AO,AO2502,01:00,1324,4755.0,,0.0,09:01,4773.0,2324,0.003771213073538655,,padding价(前收盘)
20250102,XSGE,上期所,AO,AO2503,01:00,53,4330.0,,0.0,09:01,4323.0,472,0.0016192458940550544,,padding价(前收盘)
20250102,XSGE,上期所,AO,AO2504,01:00,2,4031.0,,0.0,09:01,4020.0,156,0.002736318407960199,,padding价(前收盘)
20250102,XSGE,上期所,AO,AO2505,01:00,17,3870.0,,0.0,09:01,3860.0,605,0.0025906735751295338,,padding价(前收盘)
20250102,XSGE,上期所,AO,AO2507,01:00,1,3656.0,,0.0,09:01,3656.0,1,0.0,,padding价(前收盘)
20250102,XSGE,上期所,AU,AU2502,02:30,125,621.84,02:30,617.6,09:01,617.6,0,0.006865284974093278,0.006865284974093278,padding价(前收盘)
20250102,XSGE,上期所,AU,AU2504,02:30,70,623.44,02:30,619.44,09:01,619.44,0,0.006457445434586077,0.006457445434586077,padding价(前收盘)
20250102,XSGE,上期所,AU,AU2506,02:30,17,624.64,02:30,620.8,09:01,620.8,0,0.00618556701030933,0.00618556701030933,padding价(前收盘)
20250102,XSGE,上期所,AU,AU2508,02:30,1,626.58,02:30,622.72,09:01,622.72,0,0.0061986125385406175,0.0061986125385406175,padding价(前收盘)
20250102,XSGE,上期所,AU,AU2510,02:30,2,627.58,02:30,623.96,09:01,623.96,0,0.005801653952176428,0.005801653952176428,padding价(前收盘)
20250102,XSGE,上期所,AU,AU2512,02:30,2,629.0,02:30,625.8,09:01,625.8,0,0.005113454777884381,0.005113454777884381,padding价(前收盘)
20250102,XSGE,上期所,CU,CU2501,01:00,50,73480.0,01:00,73800.0,09:01,73800.0,0,0.004336043360433604,0.004336043360433604,padding价(前收盘)
20250102,XSGE,上期所,CU,CU2502,01:00,241,73310.0,01:00,73770.0,09:01,73770.0,0,0.0062355971262030635,0.0062355971262030635,padding价(前收盘)
20250102,XSGE,上期所,CU,CU2503,01:00,69,73410.0,01:00,73860.0,09:01,73860.0,0,0.006092607636068237,0.006092607636068237,padding价(前收盘)
20250102,XSGE,上期所,CU,CU2504,01:00,16,73500.0,01:00,73970.0,09:01,73970.0,0,0.0063539272678112746,0.0063539272678112746,padding价(前收盘)
20250102,XSGE,上期所,CU,CU2505,01:00,12,73700.0,01:00,74100.0,09:01,74100.0,0,0.005398110661268556,0.005398110661268556,padding价(前收盘)
20250102,XSGE,上期所,CU,CU2506,01:00,1,73660.0,01:00,74120.0,09:01,74120.0,0,0.0062061521856449,0.0062061521856449,padding价(前收盘)
20250102,XSGE,上期所,NI,NI2501,01:00,168,124330.0,01:00,124500.0,09:01,124500.0,0,0.0013654618473895582,0.0013654618473895582,padding价(前收盘)
20250102,XSGE,上期所,NI,NI2502,01:00,1210,124500.0,01:00,124750.0,09:01,124750.0,0,0.002004008016032064,0.002004008016032064,padding价(前收盘)
20250102,XSGE,上期所,NI,NI2503,01:00,27,124450.0,01:00,125000.0,09:01,125000.0,0,0.0044,0.0044,padding价(前收盘)
20250102,XSGE,上期所,NI,NI2505,01:00,12,124890.0,01:00,125680.0,09:01,125680.0,0,0.006285805219605347,0.006285805219605347,padding价(前收盘)
20250102,XSGE,上期所,PB,PB2502,01:00,427,16870.0,01:00,16765.0,09:01,16765.0,0,0.006263048016701462,0.006263048016701462,padding价(前收盘)
20250102,XSGE,上期所,PB,PB2503,01:00,11,16795.0,01:00,16795.0,09:01,16795.0,0,0.0,0.0,padding价(前收盘)
20250102,XSGE,上期所,SN,SN2501,01:00,2,244270.0,01:00,244480.0,09:01,244480.0,0,0.0008589659685863875,0.0008589659685863875,padding价(前收盘)
20250102,XSGE,上期所,SN,SN2502,01:00,123,242700.0,01:00,244860.0,09:01,244860.0,0,0.008821367311933349,0.008821367311933349,padding价(前收盘)
20250102,XSGE,上期所,SN,SN2503,01:00,15,244800.0,01:00,245270.0,09:01,245270.0,0,0.00191625555510254,0.00191625555510254,padding价(前收盘)
20250102,XSGE,上期所,SS,SS2501,01:00,12,12695.0,01:00,12695.0,09:01,12695.0,0,0.0,0.0,padding价(前收盘)
20250102,XSGE,上期所,SS,SS2502,01:00,154,12880.0,01:00,12915.0,09:01,12915.0,0,0.0027100271002710027,0.0027100271002710027,padding价(前收盘)
20250102,XSGE,上期所,SS,SS2503,01:00,46,12970.0,01:00,12995.0,09:01,12995.0,0,0.001923816852635629,0.001923816852635629,padding价(前收盘)
20250102,XSGE,上期所,SS,SS2505,01:00,12,13090.0,01:00,13090.0,09:01,13090.0,0,0.0,0.0,padding价(前收盘)
20250102,XSGE,上期所,ZN,ZN2501,01:00,515,25650.0,01:00,25765.0,09:01,25765.0,0,0.00446341936735882,0.00446341936735882,padding价(前收盘)
20250102,XSGE,上期所,ZN,ZN2502,01:00,527,25240.0,01:00,25460.0,09:01,25460.0,0,0.00864100549882168,0.00864100549882168,padding价(前收盘)
20250102,XSGE,上期所,ZN,ZN2503,01:00,61,25200.0,01:00,25375.0,09:01,25375.0,0,0.006896551724137931,0.006896551724137931,padding价(前收盘)
20250102,XSGE,上期所,ZN,ZN2504,01:00,57,24970.0,01:00,25310.0,09:01,25310.0,0,0.013433425523508494,0.013433425523508494,padding价(前收盘)
20250102,XSGE,上期所,ZN,ZN2505,01:00,1,25060.0,01:00,25210.0,09:01,25210.0,0,0.005950019833399445,0.005950019833399445,padding价(前收盘)
20250102,XSIE,能源中心,BC,BC2502,01:00,13,64910.0,01:00,65310.0,09:01,65310.0,0,0.006124636349716736,0.006124636349716736,padding价(前收盘)
20250102,XSIE,能源中心,BC,BC2503,01:00,1,64950.0,01:00,65400.0,09:01,65400.0,0,0.006880733944954129,0.006880733944954129,padding价(前收盘)
20250102,XSIE,能源中心,SC,SC2502,02:30,111,563.0,02:30,559.9,09:01,559.9,0,0.005536702982675518,0.005536702982675518,padding价(前收盘)
20250102,XSIE,能源中心,SC,SC2503,02:30,9,560.9,02:30,556.4,09:01,556.4,0,0.008087706685837527,0.008087706685837527,padding价(前收盘)
20250102,XSIE,能源中心,SC,SC2505,02:30,1,550.7,02:30,549.2,09:01,549.2,0,0.0027312454479242534,0.0027312454479242534,padding价(前收盘)
20250205,XSGE,上期所,AG,AG2502,02:30,64,7951.0,02:29,7694.0,09:01,7994.0,1074,0.00537903427570678,0.03340265141668833,当日日盘开盘价
20250205,XSGE,上期所,AG,AG2503,02:30,30,8060.0,02:29,7677.0,09:01,8041.0,1518,0.0023628901877875887,0.049889279666536404,当日日盘开盘价
20250205,XSGE,上期所,AG,AG2504,02:30,2535,8069.0,02:29,7687.0,09:01,8066.0,35265,0.00037193156459211507,0.04969428905945102,当日日盘开盘价
20250205,XSGE,上期所,AG,AG2505,02:30,48,8080.0,02:29,7699.0,09:01,8080.0,3195,0.0,0.0494869463566697,当日日盘开盘价
20250205,XSGE,上期所,AG,AG2506,02:30,1088,8010.0,02:29,7704.0,09:01,8026.0,9891,0.00199352105656616,0.0397196261682243,当日日盘开盘价
20250205,XSGE,上期所,AG,AG2507,02:30,56,8035.0,02:29,7720.0,09:01,8056.0,478,0.0026067527308838135,0.040803108808290155,当日日盘开盘价
20250205,XSGE,上期所,AG,AG2508,02:30,33,8091.0,02:29,7726.0,09:01,8095.0,1435,0.0004941321803582458,0.04724307533005436,当日日盘开盘价
20250205,XSGE,上期所,AG,AG2509,02:30,3,8102.0,02:29,7746.0,09:01,8102.0,333,0.0,0.045959204750839144,当日日盘开盘价
20250205,XSGE,上期所,AG,AG2510,02:30,14,8111.0,02:29,7750.0,09:01,8111.0,630,0.0,0.046580645161290325,当日日盘开盘价
20250205,XSGE,上期所,AG,AG2511,02:30,3,8120.0,02:29,7766.0,09:01,8145.0,114,0.003069367710251688,0.045583311872263714,当日日盘开盘价
20250205,XSGE,上期所,AG,AG2512,02:30,8,8105.0,02:29,7768.0,09:01,8149.0,125,0.005399435513559946,0.04338311019567456,当日日盘开盘价
20250205,XSGE,上期所,AG,AG2601,02:30,2,8105.0,02:29,7778.0,09:01,8150.0,43,0.005521472392638037,0.042041655952687065,当日日盘开盘价
20250205,XSGE,上期所,AL,AL2503,01:00,219,20320.0,00:59,20240.0,09:01,20300.0,6190,0.0009852216748768472,0.003952569169960474,当日日盘开盘价
20250205,XSGE,上期所,AL,AL2504,01:00,32,20295.0,00:59,20280.0,09:01,20315.0,2632,0.0009844942160964804,0.0007396449704142012,padding价(前收盘)
20250205,XSGE,上期所,AL,AL2505,01:00,4,20330.0,00:59,20305.0,09:01,20360.0,746,0.0014734774066797642,0.0012312238364934746,padding价(前收盘)
20250205,XSGE,上期所,AO,AO2502,01:00,45,3576.0,,0.0,09:01,3576.0,150,0.0,,padding价(前收盘)
20250205,XSGE,上期所,AO,AO2503,01:00,250,3576.0,,0.0,09:01,3576.0,1934,0.0,,padding价(前收盘)
20250205,XSGE,上期所,AO,AO2505,01:00,165,3606.0,,0.0,09:01,3606.0,2482,0.0,,padding价(前收盘)
20250205,XSGE,上期所,AU,AU2502,02:30,9,665.54,02:29,646.36,09:01,665.54,57,0.0,0.02967386595705172,当日日盘开盘价
20250205,XSGE,上期所,AU,AU2504,02:30,221,668.0,02:29,647.54,09:01,667.94,7121,8.98284277030054e-05,0.03159650369089174,当日日盘开盘价
20250205,XSGE,上期所,AU,AU2506,02:30,51,668.04,02:29,648.3,09:01,669.0,1236,0.0014349775784753907,0.030448866265617786,当日日盘开盘价
20250205,XSGE,上期所,AU,AU2508,02:30,3,669.6,02:29,649.74,09:01,670.0,284,0.0005970149253731004,0.030566072582879328,当日日盘开盘价
20250205,XSGE,上期所,AU,AU2510,02:30,4,670.56,02:29,651.64,09:01,670.56,71,0.0,0.02903443619176226,当日日盘开盘价
20250205,XSGE,上期所,AU,AU2512,02:30,5,671.52,02:29,653.2,09:01,672.0,88,0.0007142857142857414,0.02804654011022648,当日日盘开盘价
20250205,XSGE,上期所,AU,AU2602,02:30,1,672.52,02:29,653.76,09:01,672.52,32,0.0,0.028695545766030332,当日日盘开盘价
20250205,XSGE,上期所,CU,CU2502,01:00,5,75420.0,00:59,75420.0,09:01,75420.0,75,0.0,0.0,padding价(前收盘)
20250205,XSGE,上期所,CU,CU2503,01:00,292,75350.0,00:59,75540.0,09:01,75350.0,1904,0.0,0.002515223722531109,当日日盘开盘价
20250205,XSGE,上期所,CU,CU2504,01:00,44,75900.0,00:59,75680.0,09:01,75600.0,665,0.003968253968253968,0.0029069767441860465,padding价(前收盘)
20250205,XSGE,上期所,CU,CU2505,01:00,40,76000.0,00:59,75780.0,09:01,75700.0,265,0.003963011889035667,0.002903140670361573,padding价(前收盘)
20250205,XSGE,上期所,CU,CU2506,01:00,5,75640.0,00:59,75920.0,09:01,75850.0,63,0.002768622280817403,0.0036880927291886197,当日日盘开盘价
20250205,XSGE,上期所,CU,CU2507,01:00,5,75620.0,00:59,76040.0,09:01,75620.0,38,0.0,0.005523408732246186,当日日盘开盘价
20250205,XSGE,上期所,NI,NI2503,01:00,205,123300.0,00:59,124150.0,09:01,123460.0,4556,0.0012959663048760731,0.00684655658477648,当日日盘开盘价
20250205,XSGE,上期所,NI,NI2504,01:00,5,123840.0,00:59,124470.0,09:01,123800.0,1102,0.00032310177705977385,0.005061460592913955,当日日盘开盘价
20250205,XSGE,上期所,NI,NI2505,01:00,21,124100.0,00:59,124730.0,09:01,124100.0,1605,0.0,0.0050509099655255355,当日日盘开盘价
20250205,XSGE,上期所,PB,PB2503,01:00,258,16750.0,00:59,16675.0,09:01,16760.0,3339,0.0005966587112171838,0.004497751124437781,当日日盘开盘价
20250205,XSGE,上期所,PB,PB2504,01:00,2,16705.0,00:59,16640.0,09:01,16710.0,852,0.0002992220227408737,0.00390625,当日日盘开盘价
20250205,XSGE,上期所,SN,SN2502,01:00,2,250520.0,00:59,249040.0,09:01,250520.0,18,0.0,0.0059428204304529395,当日日盘开盘价
20250205,XSGE,上期所,SN,SN2503,01:00,85,250000.0,00:59,248810.0,09:01,250000.0,1663,0.0,0.004782765965998151,当日日盘开盘价
20250205,XSGE,上期所,SN,SN2504,01:00,21,250900.0,00:59,248920.0,09:01,250800.0,518,0.00039872408293460925,0.007954362847501206,当日日盘开盘价
20250205,XSGE,上期所,SS,SS2503,01:00,152,13330.0,00:59,13330.0,09:01,13320.0,4553,0.0007507507507507507,0.0,padding价(前收盘)
20250205,XSGE,上期所,SS,SS2505,01:00,60,13115.0,00:59,13130.0,09:01,13120.0,1878,0.00038109756097560977,0.0011424219345011425,当日日盘开盘价
20250205,XSGE,上期所,ZN,ZN2503,01:00,121,23570.0,00:59,23655.0,09:01,23560.0,3564,0.00042444821731748726,0.003593320651025153,当日日盘开盘价
20250205,XSGE,上期所,ZN,ZN2504,01:00,4,23615.0,00:59,23660.0,09:01,23615.0,1451,0.0,0.0019019442096365174,当日日盘开盘价
20250205,XSGE,上期所,ZN,ZN2505,01:00,2,23650.0,00:59,23625.0,09:01,23620.0,774,0.0012701100762066045,0.0010582010582010583,padding价(前收盘)
20250205,XSIE,能源中心,BC,BC2503,01:00,5,66990.0,00:59,66990.0,09:01,66910.0,324,0.0011956359288596622,0.0,padding价(前收盘)
20250205,XSIE,能源中心,BC,BC2504,01:00,2,67230.0,00:59,67140.0,09:01,67230.0,73,0.0,0.0013404825737265416,当日日盘开盘价
20250205,XSIE,能源中心,SC,SC2503,02:30,190,597.9,02:29,602.4,09:01,598.2,2724,0.0005015045135407358,0.007470119521912351,当日日盘开盘价
20250205,XSIE,能源中心,SC,SC2504,02:30,14,584.6,02:29,591.4,09:01,585.2,656,0.0010252904989747483,0.011498140006763535,当日日盘开盘价
20250205,XSIE,能源中心,SC,SC2505,02:30,28,564.8,02:29,578.0,09:01,572.0,216,0.012587412587412666,0.022837370242214612,当日日盘开盘价
20250205,XSIE,能源中心,SC,SC2506,02:30,2,562.5,02:29,567.9,09:01,561.8,23,0.0012459950160200169,0.009508716323296315,当日日盘开盘价
20250506,XSGE,上期所,AG,AG2506,02:30,12226,8156.0,02:29,8182.0,09:01,8158.0,14998,0.00024515812699190976,0.0031777071620630653,当日日盘开盘价
20250506,XSGE,上期所,AG,AG2507,02:30,2,8157.0,02:29,8195.0,09:01,8163.0,1037,0.000735023888276369,0.004636973764490543,当日日盘开盘价
20250506,XSGE,上期所,AG,AG2508,02:30,498,8180.0,02:29,8207.0,09:01,8190.0,6801,0.001221001221001221,0.0032898744973802853,当日日盘开盘价
20250506,XSGE,上期所,AG,AG2509,02:30,4,8200.0,02:29,8222.0,09:01,8211.0,1265,0.00133966630130313,0.002675747993189005,当日日盘开盘价
20250506,XSGE,上期所,AG,AG2510,02:30,51,8200.0,02:29,8228.0,09:01,8210.0,1874,0.001218026796589525,0.003403014098201264,当日日盘开盘价
20250506,XSGE,上期所,AG,AG2512,02:30,37,8228.0,02:29,8252.0,09:01,8228.0,1161,0.0,0.00290838584585555,当日日盘开盘价
20250506,XSGE,上期所,AG,AG2601,02:30,1,8254.0,02:29,8264.0,09:01,8250.0,107,0.00048484848484848484,0.0012100677637947724,当日日盘开盘价
20250506,XSGE,上期所,AG,AG2602,02:30,5,8249.0,02:29,8279.0,09:01,8250.0,257,0.00012121212121212121,0.003623626041792487,当日日盘开盘价
20250506,XSGE,上期所,AL,AL2505,01:00,15,19945.0,00:59,19975.0,09:01,19970.0,125,0.0012518778167250877,0.001501877346683354,当日日盘开盘价
20250506,XSGE,上期所,AL,AL2506,01:00,271,19920.0,00:59,19910.0,09:01,19930.0,4116,0.0005017561465127947,0.0005022601707684581,当日日盘开盘价
20250506,XSGE,上期所,AL,AL2507,01:00,173,19820.0,00:59,19840.0,09:01,19835.0,1592,0.0007562389715149988,0.0010080645161290322,当日日盘开盘价
20250506,XSGE,上期所,AL,AL2508,01:00,16,19790.0,00:59,19830.0,09:01,19800.0,454,0.000505050505050505,0.002017145738779627,当日日盘开盘价
20250506,XSGE,上期所,AL,AL2509,01:00,5,19730.0,00:59,19765.0,09:01,19730.0,133,0.0,0.0017708069820389577,当日日盘开盘价
20250506,XSGE,上期所,AO,AO2506,01:00,20,2758.0,,0.0,09:01,2730.0,252,0.010256410256410256,,padding价(前收盘)
20250506,XSGE,上期所,AO,AO2507,01:00,36,2721.0,,0.0,09:01,2725.0,791,0.0014678899082568807,,padding价(前收盘)
20250506,XSGE,上期所,AO,AO2509,01:00,232,2740.0,,0.0,09:01,2740.0,7699,0.0,,padding价(前收盘)
20250506,XSGE,上期所,AO,AO2601,01:00,3,2753.0,,0.0,09:01,2756.0,184,0.0010885341074020319,,padding价(前收盘)
20250506,XSGE,上期所,AU,AU2506,02:30,338,784.36,02:29,780.3,09:01,784.34,7964,2.5499145778593225e-05,0.005203127002435037,当日日盘开盘价
20250506,XSGE,上期所,AU,AU2508,02:30,223,784.88,02:29,782.38,09:01,785.1,6311,0.00028021908037196186,0.00319537820496434,当日日盘开盘价
20250506,XSGE,上期所,AU,AU2510,02:30,7,786.94,02:29,783.62,09:01,786.96,798,2.5414252312673844e-05,0.0042367474030780864,当日日盘开盘价
20250506,XSGE,上期所,AU,AU2512,02:30,12,788.9,02:29,785.0,09:01,789.28,743,0.00048145144942225254,0.0049681528662420095,当日日盘开盘价
20250506,XSGE,上期所,AU,AU2604,02:30,2,792.0,02:29,789.26,09:01,792.0,118,0.0,0.0034716063147758776,当日日盘开盘价
20250506,XSGE,上期所,CU,CU2505,01:00,5,77340.0,00:59,77450.0,09:01,77400.0,265,0.0007751937984496124,0.001420271142672692,当日日盘开盘价
20250506,XSGE,上期所,CU,CU2506,01:00,264,77160.0,00:59,77220.0,09:01,77170.0,3622,0.0001295840352468576,0.000777000777000777,当日日盘开盘价
20250506,XSGE,上期所,CU,CU2507,01:00,113,76890.0,00:59,76830.0,09:01,76830.0,1373,0.0007809449433814916,0.0007809449433814916,padding价(前收盘)
20250506,XSGE,上期所,CU,CU2508,01:00,15,76440.0,00:59,76500.0,09:01,76440.0,545,0.0,0.000784313725490196,当日日盘开盘价
20250506,XSGE,上期所,CU,CU2509,01:00,9,76200.0,00:59,76240.0,09:01,76170.0,168,0.00039385584875935406,0.0005246589716684155,当日日盘开盘价
20250506,XSGE,上期所,CU,CU2510,01:00,1,76010.0,00:59,76050.0,09:01,76010.0,23,0.0,0.0005259697567389875,当日日盘开盘价
20250506,XSGE,上期所,CU,CU2511,01:00,5,75900.0,00:59,75910.0,09:01,75900.0,18,0.0,0.00013173494928204451,当日日盘开盘价
20250506,XSGE,上期所,CU,CU2512,01:00,6,75700.0,00:59,75750.0,09:01,75700.0,26,0.0,0.0006600660066006601,当日日盘开盘价
20250506,XSGE,上期所,NI,NI2506,01:00,108,123570.0,00:59,123720.0,09:01,123570.0,3606,0.0,0.0012124151309408342,当日日盘开盘价
20250506,XSGE,上期所,NI,NI2507,01:00,21,123670.0,00:59,123880.0,09:01,123670.0,910,0.0,0.0016951888924765903,当日日盘开盘价
20250506,XSGE,上期所,NI,NI2509,01:00,2,124200.0,00:59,124280.0,09:01,124200.0,159,0.0,0.000643707756678468,当日日盘开盘价
20250506,XSGE,上期所,PB,PB2506,01:00,133,16755.0,00:59,16840.0,09:01,16760.0,3469,0.0002983293556085919,0.005047505938242281,当日日盘开盘价
20250506,XSGE,上期所,PB,PB2507,01:00,48,16820.0,00:59,16870.0,09:01,16800.0,1122,0.0011904761904761906,0.002963841138114997,当日日盘开盘价
20250506,XSGE,上期所,SN,SN2505,01:00,22,259000.0,00:59,259500.0,09:01,258000.0,44,0.003875968992248062,0.0019267822736030828,padding价(前收盘)
20250506,XSGE,上期所,SN,SN2506,01:00,118,258130.0,00:59,260300.0,09:01,258130.0,3463,0.0,0.008336534767575874,当日日盘开盘价
20250506,XSGE,上期所,SN,SN2507,01:00,13,257490.0,00:59,260550.0,09:01,258000.0,633,0.0019767441860465114,0.011744386873920553,当日日盘开盘价
20250506,XSGE,上期所,SN,SN2508,01:00,1,257630.0,00:59,260210.0,09:01,257640.0,77,3.881384878124515e-05,0.009915068598439722,当日日盘开盘价
20250506,XSGE,上期所,SS,SS2506,01:00,106,12670.0,00:59,12670.0,09:01,12680.0,6945,0.0007886435331230284,0.0,padding价(前收盘)
20250506,XSGE,上期所,SS,SS2507,01:00,25,12680.0,00:59,12725.0,09:01,12710.0,2039,0.0023603461841070024,0.003536345776031434,当日日盘开盘价
20250506,XSGE,上期所,ZN,ZN2505,01:00,20,22600.0,00:59,22665.0,09:01,22600.0,30,0.0,0.002867857930730201,当日日盘开盘价
20250506,XSGE,上期所,ZN,ZN2506,01:00,219,22390.0,00:59,22440.0,09:01,22380.0,3103,0.00044682752457551384,0.0022281639928698753,当日日盘开盘价
20250506,XSGE,上期所,ZN,ZN2507,01:00,91,22150.0,00:59,22195.0,09:01,22155.0,1669,0.00022568269013766644,0.0020274836674926784,当日日盘开盘价
20250506,XSGE,上期所,ZN,ZN2508,01:00,4,21980.0,00:59,22065.0,09:01,21980.0,551,0.0,0.0038522547020167688,当日日盘开盘价
20250506,XSGE,上期所,ZN,ZN2509,01:00,1,21960.0,00:59,21990.0,09:01,21960.0,57,0.0,0.001364256480218281,当日日盘开盘价
20250506,XSIE,能源中心,BC,BC2506,01:00,5,68470.0,00:59,68470.0,09:01,68470.0,392,0.0,0.0,padding价(前收盘)
20250506,XSIE,能源中心,SC,SC2506,02:30,204,455.3,02:29,471.1,09:01,455.3,3971,0.0,0.03353852685204842,当日日盘开盘价
20250506,XSIE,能源中心,SC,SC2507,02:30,189,445.0,02:29,463.7,09:01,447.6,1621,0.00580875781948173,0.040327798145352575,当日日盘开盘价
20250506,XSIE,能源中心,SC,SC2508,02:30,27,446.4,02:29,459.1,09:01,445.0,524,0.003146067415730286,0.027662818558048453,当日日盘开盘价
20250506,XSIE,能源中心,SC,SC2509,02:30,10,446.0,02:29,456.3,09:01,445.0,231,0.0022471910112359553,0.022572868726714906,当日日盘开盘价
20250603,XSGE,上期所,AG,AG2506,02:30,88,8450.0,02:29,8216.0,09:01,8476.0,784,0.003067484662576687,0.028481012658227847,当日日盘开盘价
20250603,XSGE,上期所,AG,AG2507,02:30,38,8537.0,02:29,8212.0,09:01,8505.0,978,0.0037624926513815404,0.039576229907452506,当日日盘开盘价
20250603,XSGE,上期所,AG,AG2508,02:30,3066,8520.0,02:29,8218.0,09:01,8505.0,46611,0.001763668430335097,0.03674860063275736,当日日盘开盘价
20250603,XSGE,上期所,AG,AG2509,02:30,32,8488.0,02:29,8233.0,09:01,8517.0,2413,0.0034049547962897732,0.030972913883153163,当日日盘开盘价
20250603,XSGE,上期所,AG,AG2510,02:30,331,8548.0,02:29,8241.0,09:01,8538.0,6298,0.0011712344811431249,0.037252760587307365,当日日盘开盘价
20250603,XSGE,上期所,AG,AG2511,02:30,4,8537.0,02:29,8257.0,09:01,8550.0,487,0.0015204678362573099,0.033910621291025796,当日日盘开盘价
20250603,XSGE,上期所,AG,AG2512,02:30,355,8559.0,02:29,8265.0,09:01,8577.0,4367,0.002098635886673662,0.035571687840290384,当日日盘开盘价
20250603,XSGE,上期所,AG,AG2601,02:30,14,8481.0,02:29,8278.0,09:01,8570.0,498,0.010385064177362895,0.024522831601836194,当日日盘开盘价
20250603,XSGE,上期所,AG,AG2602,02:30,50,8540.0,02:29,8291.0,09:01,8550.0,912,0.0011695906432748538,0.030032565432396574,当日日盘开盘价
20250603,XSGE,上期所,AG,AG2603,02:30,14,8505.0,02:29,8303.0,09:01,8591.0,334,0.010010476079618205,0.02432855594363483,当日日盘开盘价
20250603,XSGE,上期所,AG,AG2604,02:30,78,8502.0,02:29,8314.0,09:01,8559.0,782,0.006659656501927795,0.022612460909309597,当日日盘开盘价
20250603,XSGE,上期所,AG,AG2605,02:30,6,8532.0,02:29,8329.0,09:01,8600.0,264,0.007906976744186046,0.024372673790370992,当日日盘开盘价
20250603,XSGE,上期所,AL,AL2507,01:00,798,20115.0,00:59,20070.0,09:01,20110.0,9786,0.0002486325211337643,0.002242152466367713,当日日盘开盘价
20250603,XSGE,上期所,AL,AL2508,01:00,59,20020.0,00:59,19975.0,09:01,20040.0,3190,0.000998003992015968,0.0022528160200250315,当日日盘开盘价
20250603,XSGE,上期所,AL,AL2509,01:00,2,19950.0,00:59,19925.0,09:01,19960.0,1064,0.000501002004008016,0.0012547051442910915,当日日盘开盘价
20250603,XSGE,上期所,AL,AL2601,01:00,1,19830.0,00:59,19820.0,09:01,19830.0,87,0.0,0.0005045408678102926,当日日盘开盘价
20250603,XSGE,上期所,AO,AO2507,01:00,201,3166.0,,0.0,09:01,3041.0,2566,0.041104899704044726,,padding价(前收盘)
20250603,XSGE,上期所,AO,AO2508,01:00,1,3007.0,,0.0,09:01,3029.0,650,0.007263123142951469,,padding价(前收盘)
20250603,XSGE,上期所,AO,AO2509,01:00,2903,3030.0,,0.0,09:01,3023.0,29518,0.002315580549123387,,padding价(前收盘)
20250603,XSGE,上期所,AO,AO2510,01:00,3,2954.0,,0.0,09:01,2980.0,1197,0.0087248322147651,,padding价(前收盘)
20250603,XSGE,上期所,AO,AO2601,01:00,191,2945.0,,0.0,09:01,2951.0,2617,0.0020332090816672314,,padding价(前收盘)
20250603,XSGE,上期所,AO,AO2605,01:00,2,2887.0,,0.0,09:01,2887.0,55,0.0,,padding价(前收盘)
20250603,XSGE,上期所,AU,AU2506,02:30,3,788.24,02:29,770.18,09:01,788.24,36,0.0,0.02344906385520276,当日日盘开盘价
20250603,XSGE,上期所,AU,AU2507,02:30,2,787.94,02:29,771.08,09:01,787.94,52,0.0,0.021865435493074663,当日日盘开盘价
20250603,XSGE,上期所,AU,AU2508,02:30,601,789.4,02:29,771.8,09:01,789.5,7548,0.0001266624445852093,0.022803835190463882,当日日盘开盘价
20250603,XSGE,上期所,AU,AU2510,02:30,79,791.88,02:29,773.52,09:01,791.52,3196,0.0004548211036992289,0.023735650015513515,当日日盘开盘价
20250603,XSGE,上期所,AU,AU2512,02:30,24,793.8,02:29,775.4,09:01,793.2,807,0.0007564296520422454,0.023729687903017768,当日日盘开盘价
20250603,XSGE,上期所,AU,AU2602,02:30,3,795.14,02:29,777.26,09:01,795.14,175,0.0,0.023003885443738256,当日日盘开盘价
20250603,XSGE,上期所,AU,AU2604,02:30,1,796.76,02:29,779.74,09:01,798.0,127,0.00155388471177946,0.021827788750096163,当日日盘开盘价
20250603,XSGE,上期所,AU,AU2606,02:30,2,800.0,02:29,781.98,09:01,800.0,21,0.0,0.023044067623212847,当日日盘开盘价
20250603,XSGE,上期所,CU,CU2506,01:00,45,78090.0,00:59,77930.0,09:01,78090.0,300,0.0,0.0020531245989991015,当日日盘开盘价
20250603,XSGE,上期所,CU,CU2507,01:00,268,77920.0,00:59,77600.0,09:01,77920.0,5000,0.0,0.004123711340206186,当日日盘开盘价
20250603,XSGE,上期所,CU,CU2508,01:00,77,77770.0,00:59,77420.0,09:01,77770.0,941,0.0,0.0045207956600361665,当日日盘开盘价
20250603,XSGE,上期所,CU,CU2509,01:00,1,77500.0,00:59,77220.0,09:01,77550.0,378,0.0006447453255963894,0.003626003626003626,当日日盘开盘价
20250603,XSGE,上期所,CU,CU2512,01:00,5,76990.0,00:59,76650.0,09:01,76990.0,43,0.0,0.004435746901500326,当日日盘开盘价
20250603,XSGE,上期所,NI,NI2507,01:00,178,121770.0,00:59,121100.0,09:01,121800.0,4506,0.0002463054187192118,0.005532617671345995,当日日盘开盘价
20250603,XSGE,上期所,NI,NI2508,01:00,9,122010.0,00:59,121350.0,09:01,122010.0,581,0.0,0.005438813349814586,当日日盘开盘价
20250603,XSGE,上期所,NI,NI2509,01:00,7,121650.0,00:59,121510.0,09:01,122000.0,397,0.0028688524590163933,0.0011521685457986997,padding价(前收盘)
20250603,XSGE,上期所,PB,PB2507,01:00,181,16650.0,00:59,16620.0,09:01,16640.0,2652,0.0006009615384615385,0.0018050541516245488,当日日盘开盘价
20250603,XSGE,上期所,PB,PB2508,01:00,40,16645.0,00:59,16610.0,09:01,16645.0,1059,0.0,0.002107164358819988,当日日盘开盘价
20250603,XSGE,上期所,SN,SN2507,01:00,117,251050.0,00:59,250300.0,09:01,251050.0,3682,0.0,0.0029964043148222133,当日日盘开盘价
20250603,XSGE,上期所,SN,SN2508,01:00,10,250510.0,00:59,250540.0,09:01,251330.0,960,0.0032626427406199023,0.00011974135866528298,padding价(前收盘)
20250603,XSGE,上期所,SN,SN2509,01:00,30,253790.0,00:59,250490.0,09:01,251350.0,214,0.009707579073005769,0.013174178609924548,当日日盘开盘价
20250603,XSGE,上期所,SS,SS2506,01:00,84,12690.0,00:59,12690.0,09:01,12690.0,24,0.0,0.0,padding价(前收盘)
20250603,XSGE,上期所,SS,SS2507,01:00,391,12655.0,00:59,12685.0,09:01,12655.0,7847,0.0,0.002364998029168309,当日日盘开盘价
20250603,XSGE,上期所,SS,SS2508,01:00,87,12700.0,00:59,12730.0,09:01,12700.0,2946,0.0,0.002356637863315004,当日日盘开盘价
20250603,XSGE,上期所,SS,SS2509,01:00,7,12670.0,00:59,12735.0,09:01,12710.0,549,0.003147128245476003,0.005104043973301924,当日日盘开盘价
20250603,XSGE,上期所,ZN,ZN2506,01:00,45,22700.0,00:59,22650.0,09:01,22700.0,165,0.0,0.002207505518763797,当日日盘开盘价
20250603,XSGE,上期所,ZN,ZN2507,01:00,291,22330.0,00:59,22225.0,09:01,22330.0,11734,0.0,0.004724409448818898,当日日盘开盘价
20250603,XSGE,上期所,ZN,ZN2508,01:00,42,22120.0,00:59,21980.0,09:01,22115.0,3388,0.00022609088853719196,0.006369426751592357,当日日盘开盘价
20250603,XSGE,上期所,ZN,ZN2509,01:00,4,21865.0,00:59,21790.0,09:01,21890.0,874,0.0011420740063956144,0.0034419458467186783,当日日盘开盘价
20250603,XSIE,能源中心,BC,BC2507,01:00,5,69220.0,00:59,68880.0,09:01,69200.0,384,0.00028901734104046245,0.004936120789779327,当日日盘开盘价
20250603,XSIE,能源中心,SC,SC2507,02:30,253,462.8,02:29,447.9,09:01,462.6,6118,0.0004323389537397074,0.033266354096896704,当日日盘开盘价
20250603,XSIE,能源中心,SC,SC2508,02:30,69,459.8,02:29,444.7,09:01,458.8,1451,0.002179598953792502,0.03395547560152917,当日日盘开盘价
20250603,XSIE,能源中心,SC,SC2509,02:30,10,456.8,02:29,442.7,09:01,456.5,385,0.0006571741511500797,0.0318500112943303,当日日盘开盘价
20250603,XSIE,能源中心,SC,SC2510,02:30,1,452.9,02:29,441.5,09:01,453.0,171,0.0002207505518764299,0.02582106455266133,当日日盘开盘价
20250603,XSIE,能源中心,SC,SC2512,02:30,1,447.5,02:29,440.6,09:01,452.5,31,0.011049723756906077,0.015660463004993137,当日日盘开盘价
20251009,XSGE,上期所,AG,AG2511,02:30,11,11229.0,02:29,10899.0,09:01,11200.0,319,0.002589285714285714,0.030278007156619872,当日日盘开盘价
20251009,XSGE,上期所,AG,AG2512,02:30,2122,11200.0,02:29,10918.0,09:01,11199.0,24804,8.92936869363336e-05,0.02582890639311229,当日日盘开盘价
20251009,XSGE,上期所,AG,AG2601,02:30,29,11200.0,02:29,10932.0,09:01,11200.0,2520,0.0,0.02451518477863154,当日日盘开盘价
20251009,XSGE,上期所,AG,AG2602,02:30,449,11100.0,02:29,10948.0,09:01,11175.0,7649,0.006711409395973154,0.013883814395323347,当日日盘开盘价
20251009,XSGE,上期所,AG,AG2603,02:30,3,11283.0,02:29,10954.0,09:01,11283.0,243,0.0,0.030034690524009495,当日日盘开盘价
20251009,XSGE,上期所,AG,AG2604,02:30,67,11260.0,02:29,10960.0,09:01,11250.0,1186,0.0008888888888888889,0.02737226277372263,当日日盘开盘价
20251009,XSGE,上期所,AG,AG2605,02:30,26,11310.0,02:29,10980.0,09:01,11310.0,312,0.0,0.030054644808743168,当日日盘开盘价
20251009,XSGE,上期所,AG,AG2606,02:30,18,11312.0,02:29,10983.0,09:01,11291.0,250,0.0018598884066955983,0.02995538559592097,当日日盘开盘价
20251009,XSGE,上期所,AG,AG2608,02:30,11,11300.0,02:29,11008.0,09:01,11309.0,501,0.0007958263330091078,0.026526162790697673,当日日盘开盘价
20251009,XSGE,上期所,AG,AG2609,02:30,8,11202.0,02:29,11016.0,09:01,11238.0,99,0.003203416978109984,0.016884531590413945,当日日盘开盘价
20251009,XSGE,上期所,AL,AL2510,01:00,20,20875.0,00:59,20710.0,09:01,20875.0,100,0.0,0.0079671656204732,当日日盘开盘价
20251009,XSGE,上期所,AL,AL2511,01:00,778,20900.0,00:59,20680.0,09:01,20880.0,7646,0.0009578544061302681,0.010638297872340425,当日日盘开盘价
20251009,XSGE,上期所,AL,AL2512,01:00,268,20900.0,00:59,20690.0,09:01,20900.0,3126,0.0,0.01014983083615273,当日日盘开盘价
20251009,XSGE,上期所,AL,AL2601,01:00,84,20905.0,00:59,20700.0,09:01,20910.0,1231,0.00023912003825920613,0.009903381642512078,当日日盘开盘价
20251009,XSGE,上期所,AL,AL2602,01:00,10,20855.0,00:59,20700.0,09:01,20855.0,181,0.0,0.00748792270531401,当日日盘开盘价
20251009,XSGE,上期所,AL,AL2604,01:00,7,20870.0,00:59,20750.0,09:01,20920.0,87,0.002390057361376673,0.005783132530120482,当日日盘开盘价
20251009,XSGE,上期所,AO,AO2511,01:00,14,2865.0,,0.0,09:01,2864.0,487,0.00034916201117318437,,padding价(前收盘)
20251009,XSGE,上期所,AO,AO2512,01:00,5,2921.0,,0.0,09:01,2921.0,105,0.0,,padding价(前收盘)
20251009,XSGE,上期所,AO,AO2601,01:00,265,2886.0,,0.0,09:01,2885.0,9850,0.0003466204506065858,,padding价(前收盘)
20251009,XSGE,上期所,AO,AO2605,01:00,2,2982.0,,0.0,09:01,2982.0,100,0.0,,padding价(前收盘)
20251009,XSGE,上期所,AU,AU2510,02:30,9,912.02,02:29,871.0,09:01,911.0,30,0.001119648737650913,0.047095292766934534,当日日盘开盘价
20251009,XSGE,上期所,AU,AU2512,02:30,454,909.96,02:29,874.4,09:01,909.98,7303,2.1978505022068407e-05,0.04066788655077774,当日日盘开盘价
20251009,XSGE,上期所,AU,AU2602,02:30,115,908.72,02:29,876.8,09:01,912.0,1437,0.0035964912280701455,0.03640510948905118,当日日盘开盘价
20251009,XSGE,上期所,AU,AU2604,02:30,7,918.62,02:29,878.84,09:01,918.0,382,0.0006753812636165627,0.04526421191570704,当日日盘开盘价
20251009,XSGE,上期所,AU,AU2606,02:30,2,914.18,02:29,881.5,09:01,915.0,141,0.0008961748633880329,0.03707317073170726,当日日盘开盘价
20251009,XSGE,上期所,AU,AU2608,02:30,2,916.08,02:29,883.78,09:01,916.08,136,0.0,0.03654755708434233,当日日盘开盘价
20251009,XSGE,上期所,AU,AU2610,02:30,5,928.48,02:29,886.6,09:01,928.48,51,0.0,0.04723663433340852,当日日盘开盘价
20251009,XSGE,上期所,CU,CU2510,01:00,5,84800.0,00:59,83350.0,09:01,84790.0,300,0.00011793843613633684,0.01739652069586083,当日日盘开盘价
20251009,XSGE,上期所,CU,CU2511,01:00,940,84610.0,00:59,83110.0,09:01,84660.0,7430,0.0005905976848570753,0.018048369630610035,当日日盘开盘价
20251009,XSGE,上期所,CU,CU2512,01:00,753,84940.0,00:59,83110.0,09:01,84830.0,5746,0.001296711069197218,0.022019010949344244,当日日盘开盘价
20251009,XSGE,上期所,CU,CU2601,01:00,55,85000.0,00:59,83050.0,09:01,84780.0,1937,0.0025949516395376267,0.023479831426851294,当日日盘开盘价
20251009,XSGE,上期所,CU,CU2602,01:00,2,84500.0,00:59,83050.0,09:01,84500.0,333,0.0,0.017459361830222758,当日日盘开盘价
20251009,XSGE,上期所,CU,CU2603,01:00,3,84450.0,00:59,83020.0,09:01,84630.0,285,0.0021269053527118043,0.017224765116839316,当日日盘开盘价
20251009,XSGE,上期所,CU,CU2605,01:00,3,84990.0,00:59,83030.0,09:01,84990.0,74,0.0,0.02360592556907142,当日日盘开盘价
20251009,XSGE,上期所,CU,CU2608,01:00,3,84200.0,00:59,82780.0,09:01,84200.0,23,0.0,0.017153901908673594,当日日盘开盘价
20251009,XSGE,上期所,CU,CU2609,01:00,3,84220.0,00:59,82860.0,09:01,84220.0,23,0.0,0.016413227130098962,当日日盘开盘价
20251009,XSGE,上期所,NI,NI2511,01:00,151,121300.0,00:59,120900.0,09:01,121300.0,4036,0.0,0.0033085194375516956,当日日盘开盘价
20251009,XSGE,上期所,NI,NI2512,01:00,40,121920.0,00:59,121060.0,09:01,121770.0,1451,0.001231830500123183,0.007103915413844374,当日日盘开盘价
20251009,XSGE,上期所,NI,NI2601,01:00,37,122600.0,00:59,121270.0,09:01,121990.0,653,0.005000409869661448,0.010967263131854539,当日日盘开盘价
20251009,XSGE,上期所,PB,PB2511,01:00,148,17000.0,00:59,16940.0,09:01,16995.0,2158,0.0002942041776993233,0.0035419126328217238,当日日盘开盘价
20251009,XSGE,上期所,PB,PB2512,01:00,20,17025.0,00:59,16985.0,09:01,17045.0,735,0.0011733646230566149,0.0023550191345304682,当日日盘开盘价
20251009,XSGE,上期所,SN,SN2511,01:00,185,280200.0,00:59,275070.0,09:01,280210.0,3548,3.568752007423004e-05,0.01864979823317701,当日日盘开盘价
20251009,XSGE,上期所,SN,SN2512,01:00,43,280530.0,00:59,275440.0,09:01,280530.0,1000,0.0,0.01847952367121696,当日日盘开盘价
20251009,XSGE,上期所,SN,SN2601,01:00,10,280550.0,00:59,275500.0,09:01,280550.0,474,0.0,0.018330308529945553,当日日盘开盘价
20251009,XSGE,上期所,SN,SN2605,01:00,3,275800.0,00:59,275800.0,09:01,275800.0,2,0.0,0.0,padding价(前收盘)
20251009,XSGE,上期所,SS,SS2511,01:00,97,12770.0,00:59,12730.0,09:01,12770.0,3079,0.0,0.003142183817753339,当日日盘开盘价
20251009,XSGE,上期所,SS,SS2512,01:00,122,12780.0,00:59,12750.0,09:01,12780.0,2239,0.0,0.002352941176470588,当日日盘开盘价
20251009,XSGE,上期所,SS,SS2601,01:00,22,12945.0,00:59,12830.0,09:01,12955.0,260,0.0007719027402547279,0.008963367108339828,当日日盘开盘价
20251009,XSGE,上期所,ZN,ZN2510,01:00,10,21920.0,00:59,21140.0,09:01,21960.0,30,0.0018214936247723133,0.036896877956480605,当日日盘开盘价
20251009,XSGE,上期所,ZN,ZN2511,01:00,427,22040.0,00:59,21825.0,09:01,22040.0,5257,0.0,0.009851088201603665,当日日盘开盘价
20251009,XSGE,上期所,ZN,ZN2512,01:00,45,22155.0,00:59,21850.0,09:01,22110.0,2348,0.0020352781546811396,0.013958810068649886,当日日盘开盘价
20251009,XSGE,上期所,ZN,ZN2601,01:00,11,22185.0,00:59,21875.0,09:01,22150.0,1121,0.001580135440180587,0.014171428571428571,当日日盘开盘价
20251009,XSIE,能源中心,BC,BC2511,01:00,2,75270.0,00:59,73870.0,09:01,75370.0,411,0.001326787846623325,0.018952213347773115,当日日盘开盘价
20251009,XSIE,能源中心,SC,SC2511,02:30,94,470.9,02:29,479.7,09:01,470.3,2977,0.0012757814161172994,0.018344798832603735,当日日盘开盘价
20251009,XSIE,能源中心,SC,SC2512,02:30,146,472.0,02:29,481.4,09:01,471.9,1110,0.00021190930281844193,0.019526381387619397,当日日盘开盘价
20251009,XSIE,能源中心,SC,SC2601,02:30,2,474.1,02:29,481.2,09:01,472.6,257,0.0031739314430808295,0.014754779717373163,当日日盘开盘价
20251009,XSIE,能源中心,SC,SC2602,02:30,1,472.9,02:29,479.8,09:01,473.0,35,0.000211416490486306,0.014380992080033418,当日日盘开盘价
20251009,XSIE,能源中心,SC,SC2605,02:30,1,478.1,02:29,478.1,09:01,478.1,3,0.0,0.0,padding价(前收盘)
20260224,XSGE,上期所,AG,AG2602,02:30,688,23979.0,02:29,21189.0,09:01,23820.0,40,0.006675062972292191,0.13167209401104346,当日日盘开盘价
20260224,XSGE,上期所,AG,AG2603,02:30,566,22222.0,02:29,20195.0,09:01,22572.0,386,0.015505936558568138,0.10037137905422135,当日日盘开盘价
20260224,XSGE,上期所,AG,AG2604,02:30,693,22353.0,02:29,19782.0,09:01,22352.0,17195,4.4738725841088044e-05,0.1299666363360631,当日日盘开盘价
20260224,XSGE,上期所,AG,AG2605,02:30,48,21850.0,02:29,19646.0,09:01,21900.0,2822,0.00228310502283105,0.11218568665377177,当日日盘开盘价
20260224,XSGE,上期所,AG,AG2606,02:30,363,21998.0,02:29,19570.0,09:01,21995.0,7668,0.00013639463514435098,0.12406745017884517,当日日盘开盘价
20260224,XSGE,上期所,AG,AG2607,02:30,3,21501.0,02:29,19387.0,09:01,21501.0,177,0.0,0.10904214164130603,当日日盘开盘价
20260224,XSGE,上期所,AG,AG2608,02:30,32,21967.0,02:29,19432.0,09:01,21800.0,2024,0.007660550458715596,0.1304549197200494,当日日盘开盘价
20260224,XSGE,上期所,AG,AG2609,02:30,3,21538.0,02:29,19380.0,09:01,21948.0,164,0.018680517587023875,0.11135190918472652,当日日盘开盘价
20260224,XSGE,上期所,AG,AG2610,02:30,13,21800.0,02:29,19310.0,09:01,21801.0,536,4.5869455529562866e-05,0.12894873122734335,当日日盘开盘价
20260224,XSGE,上期所,AG,AG2611,02:30,2,21351.0,02:29,19255.0,09:01,21820.0,124,0.021494042163153072,0.10885484289794858,当日日盘开盘价
20260224,XSGE,上期所,AG,AG2612,02:30,27,21999.0,02:29,19300.0,09:01,21500.0,560,0.023209302325581396,0.13984455958549222,当日日盘开盘价
20260224,XSGE,上期所,AG,AG2701,02:30,5,21151.0,02:29,19303.0,09:01,21792.0,140,0.02941446402349486,0.09573641402890742,当日日盘开盘价
20260224,XSGE,上期所,AL,AL2602,01:00,55,23155.0,00:59,23155.0,09:01,23155.0,0,0.0,0.0,padding价(前收盘)
20260224,XSGE,上期所,AL,AL2603,01:00,1185,23440.0,00:59,23195.0,09:01,23425.0,6257,0.0006403415154749199,0.01056262125458073,当日日盘开盘价
20260224,XSGE,上期所,AL,AL2604,01:00,272,23465.0,00:59,23265.0,09:01,23465.0,6753,0.0,0.008596604341285192,当日日盘开盘价
20260224,XSGE,上期所,AL,AL2605,01:00,58,23645.0,00:59,23355.0,09:01,23615.0,2231,0.0012703789964005929,0.012417041318775423,当日日盘开盘价
20260224,XSGE,上期所,AL,AL2606,01:00,9,23700.0,00:59,23415.0,09:01,23700.0,641,0.0,0.012171684817424727,当日日盘开盘价
20260224,XSGE,上期所,AL,AL2607,01:00,1,23725.0,00:59,23450.0,09:01,23700.0,159,0.0010548523206751054,0.011727078891257996,当日日盘开盘价
20260224,XSGE,上期所,AL,AL2609,01:00,1,23740.0,00:59,23500.0,09:01,23740.0,17,0.0,0.010212765957446808,当日日盘开盘价
20260224,XSGE,上期所,AO,AO2603,01:00,204,2768.0,,0.0,09:01,2826.0,656,0.020523708421797595,,padding价(前收盘)
20260224,XSGE,上期所,AO,AO2605,01:00,1259,2913.0,,0.0,09:01,2906.0,16824,0.0024088093599449415,,padding价(前收盘)
20260224,XSGE,上期所,AO,AO2609,01:00,10,2892.0,,0.0,09:01,2947.0,1355,0.018663047166610113,,padding价(前收盘)
20260224,XSGE,上期所,AU,AU2602,02:30,279,1135.02,02:29,1102.76,09:01,1135.02,0,0.0,0.029253872102724066,当日日盘开盘价
20260224,XSGE,上期所,AU,AU2603,02:30,36,1158.0,02:29,1110.0,09:01,1158.0,62,0.0,0.043243243243243246,当日日盘开盘价
20260224,XSGE,上期所,AU,AU2604,02:30,243,1160.0,02:29,1110.1,09:01,1160.3,5789,0.0002585538222873003,0.044950905323844784,当日日盘开盘价
20260224,XSGE,上期所,AU,AU2606,02:30,74,1164.0,02:29,1113.46,09:01,1163.8,1167,0.00017185083347658143,0.04539004544393149,当日日盘开盘价
20260224,XSGE,上期所,AU,AU2608,02:30,4,1172.1,02:29,1116.38,09:01,1166.4,262,0.004886831275720008,0.04991132051810297,当日日盘开盘价
20260224,XSGE,上期所,AU,AU2610,02:30,1,1171.62,02:29,1118.0,09:01,1170.0,177,0.0013846153846152913,0.04796064400715554,当日日盘开盘价
20260224,XSGE,上期所,AU,AU2612,02:30,2,1168.88,02:29,1120.12,09:01,1168.88,109,0.0,0.04353105024461685,当日日盘开盘价
20260224,XSGE,上期所,CU,CU2603,01:00,753,100000.0,00:59,100380.0,09:01,100350.0,3901,0.003487792725460887,0.003785614664275752,当日日盘开盘价
20260224,XSGE,上期所,CU,CU2604,01:00,236,101010.0,00:59,100630.0,09:01,101010.0,4528,0.0,0.003776209877770049,当日日盘开盘价
20260224,XSGE,上期所,CU,CU2605,01:00,28,101810.0,00:59,100860.0,09:01,101410.0,1956,0.0039443841830194264,0.00941899662899068,当日日盘开盘价
20260224,XSGE,上期所,CU,CU2606,01:00,7,101250.0,00:59,100850.0,09:01,101250.0,389,0.0,0.0039662865642042635,当日日盘开盘价
20260224,XSGE,上期所,CU,CU2607,01:00,5,101520.0,00:59,100900.0,09:01,101400.0,114,0.001183431952662722,0.006144697720515362,当日日盘开盘价
20260224,XSGE,上期所,CU,CU2608,01:00,2,101000.0,00:59,101080.0,09:01,101000.0,49,0.0,0.0007914523149980214,当日日盘开盘价
20260224,XSGE,上期所,CU,CU2612,01:00,1,101460.0,00:59,101010.0,09:01,101460.0,20,0.0,0.004455004455004455,当日日盘开盘价
20260224,XSGE,上期所,NI,NI2602,01:00,54,134130.0,00:59,134130.0,09:01,134130.0,0,0.0,0.0,padding价(前收盘)
20260224,XSGE,上期所,NI,NI2603,01:00,727,135500.0,00:59,135190.0,09:01,136240.0,5951,0.005431591309453905,0.002293069013980324,padding价(前收盘)
20260224,XSGE,上期所,NI,NI2604,01:00,20,136860.0,00:59,135580.0,09:01,136580.0,1323,0.002050080538878313,0.009440920489747751,当日日盘开盘价
20260224,XSGE,上期所,NI,NI2605,01:00,130,137030.0,00:59,135950.0,09:01,137050.0,5453,0.0001459321415541773,0.007944097094520043,当日日盘开盘价
20260224,XSGE,上期所,NI,NI2606,01:00,3,136610.0,00:59,136000.0,09:01,136610.0,284,0.0,0.004485294117647059,当日日盘开盘价
20260224,XSGE,上期所,NI,NI2609,01:00,9,136340.0,00:59,136180.0,09:01,136520.0,452,0.0013184881336067975,0.001174915552944632,padding价(前收盘)
20260224,XSGE,上期所,PB,PB2603,01:00,50,16655.0,00:59,16695.0,09:01,16745.0,1966,0.005374738727978501,0.002395926924228811,padding价(前收盘)
20260224,XSGE,上期所,PB,PB2604,01:00,250,16855.0,00:59,16700.0,09:01,16850.0,3993,0.0002967359050445104,0.009281437125748504,当日日盘开盘价
20260224,XSGE,上期所,PB,PB2605,01:00,1,16750.0,00:59,16740.0,09:01,16750.0,443,0.0,0.0005973715651135006,当日日盘开盘价
20260224,XSGE,上期所,SN,SN2603,01:00,130,375000.0,00:59,365400.0,09:01,375580.0,4483,0.001544278183076841,0.026272577996715927,当日日盘开盘价
20260224,XSGE,上期所,SN,SN2604,01:00,56,376010.0,00:59,367680.0,09:01,376490.0,2439,0.0012749342612021568,0.02265557006092254,当日日盘开盘价
20260224,XSGE,上期所,SN,SN2605,01:00,15,375000.0,00:59,367200.0,09:01,376000.0,813,0.0026595744680851063,0.021241830065359478,当日日盘开盘价
20260224,XSGE,上期所,SN,SN2606,01:00,3,377040.0,00:59,368050.0,09:01,376180.0,218,0.0022861396140145675,0.024426029072136937,当日日盘开盘价
20260224,XSGE,上期所,SN,SN2607,01:00,2,375790.0,00:59,368320.0,09:01,375790.0,6,0.0,0.020281277150304082,当日日盘开盘价
20260224,XSGE,上期所,SN,SN2608,01:00,2,374710.0,00:59,364690.0,09:01,374710.0,6,0.0,0.027475390057308948,当日日盘开盘价
20260224,XSGE,上期所,SS,SS2602,01:00,12,13600.0,00:59,13600.0,09:01,13600.0,0,0.0,0.0,padding价(前收盘)
20260224,XSGE,上期所,SS,SS2603,01:00,24,13750.0,00:59,13710.0,09:01,13750.0,394,0.0,0.0029175784099197666,当日日盘开盘价
20260224,XSGE,上期所,SS,SS2604,01:00,160,13900.0,00:59,13860.0,09:01,13930.0,2714,0.0021536252692031586,0.002886002886002886,当日日盘开盘价
20260224,XSGE,上期所,SS,SS2605,01:00,60,13970.0,00:59,13830.0,09:01,13930.0,1729,0.002871500358937545,0.01012292118582791,当日日盘开盘价
20260224,XSGE,上期所,ZN,ZN2603,01:00,503,24205.0,00:59,24195.0,09:01,24260.0,3323,0.002267106347897774,0.0004133085348212441,padding价(前收盘)
20260224,XSGE,上期所,ZN,ZN2604,01:00,73,24320.0,00:59,24250.0,09:01,24350.0,3568,0.0012320328542094457,0.00288659793814433,当日日盘开盘价
20260224,XSGE,上期所,ZN,ZN2605,01:00,24,24300.0,00:59,24305.0,09:01,24290.0,712,0.0004116920543433512,0.0002057189878625797,padding价(前收盘)
20260224,XSIE,能源中心,BC,BC2603,01:00,3,88880.0,00:59,88830.0,09:01,88880.0,198,0.0,0.0005628729032984353,当日日盘开盘价
20260224,XSIE,能源中心,BC,BC2604,01:00,1,88610.0,00:59,89310.0,09:01,88610.0,96,0.0,0.007837868099876834,当日日盘开盘价
20260224,XSIE,能源中心,SC,SC2603,02:30,407,479.3,02:29,457.0,09:01,479.3,3,0.0,0.04879649890590812,当日日盘开盘价
20260224,XSIE,能源中心,SC,SC2604,02:30,407,487.0,02:29,460.7,09:01,486.8,3338,0.00041084634346751976,0.05708704145864991,当日日盘开盘价
20260224,XSIE,能源中心,SC,SC2605,02:30,70,490.0,02:29,462.8,09:01,490.0,922,0.0,0.05877268798617111,当日日盘开盘价
20260224,XSIE,能源中心,SC,SC2606,02:30,4,485.3,02:29,464.3,09:01,485.9,229,0.001234821979831171,0.04522937755761361,当日日盘开盘价
20260407,XSGE,上期所,AG,AG2604,02:30,4,18259.0,02:29,17860.0,09:01,18259.0,42,0.0,0.022340425531914895,当日日盘开盘价
20260407,XSGE,上期所,AG,AG2605,02:30,7,17941.0,02:29,17859.0,09:01,17941.0,529,0.0,0.004591522481661907,当日日盘开盘价
20260407,XSGE,上期所,AG,AG2606,02:30,322,17920.0,02:29,17843.0,09:01,17920.0,8291,0.0,0.004315417810906237,当日日盘开盘价
20260407,XSGE,上期所,AG,AG2607,02:30,2,17851.0,02:29,17807.0,09:01,17926.0,193,0.004183867008814013,0.002470938395013197,padding价(前收盘)
20260407,XSGE,上期所,AG,AG2608,02:30,47,17900.0,02:29,17790.0,09:01,17889.0,2665,0.0006149030130247639,0.006183249016301293,当日日盘开盘价
20260407,XSGE,上期所,AG,AG2609,02:30,1,17851.0,02:29,17779.0,09:01,17877.0,65,0.001454382726408234,0.004049721581641262,当日日盘开盘价
20260407,XSGE,上期所,AG,AG2610,02:30,6,17871.0,02:29,17755.0,09:01,17857.0,429,0.0007840062720501764,0.006533370881441848,当日日盘开盘价
20260407,XSGE,上期所,AG,AG2611,02:30,1,17813.0,02:29,17749.0,09:01,17813.0,13,0.0,0.003605836948560482,当日日盘开盘价
20260407,XSGE,上期所,AG,AG2612,02:30,5,17900.0,02:29,17729.0,09:01,17820.0,425,0.004489337822671156,0.009645214056066331,当日日盘开盘价
20260407,XSGE,上期所,AG,AG2701,02:30,1,17772.0,02:29,17714.0,09:01,17772.0,19,0.0,0.003274246358812239,当日日盘开盘价
20260407,XSGE,上期所,AL,AL2605,01:00,373,24690.0,00:59,24660.0,09:01,24715.0,4190,0.0010115314586283633,0.0012165450121654502,当日日盘开盘价
20260407,XSGE,上期所,AL,AL2606,01:00,42,24750.0,00:59,24725.0,09:01,24755.0,1248,0.00020197939810139365,0.0010111223458038423,当日日盘开盘价
20260407,XSGE,上期所,AO,AO2605,01:00,535,2732.0,,0.0,09:01,2731.0,4366,0.0003661662394727206,,padding价(前收盘)
20260407,XSGE,上期所,AO,AO2606,01:00,29,2733.0,,0.0,09:01,2744.0,654,0.004008746355685131,,padding价(前收盘)
20260407,XSGE,上期所,AO,AO2609,01:00,31,2870.0,,0.0,09:01,2870.0,1459,0.0,,padding价(前收盘)
20260407,XSGE,上期所,AU,AU2605,02:30,1,1031.4,02:29,1031.82,09:01,1031.4,35,0.0,0.0004070477408848883,当日日盘开盘价
20260407,XSGE,上期所,AU,AU2606,02:30,84,1035.0,02:29,1033.0,09:01,1034.0,3324,0.0009671179883945841,0.001936108422071636,当日日盘开盘价
20260407,XSGE,上期所,AU,AU2608,02:30,3,1037.1,02:29,1036.12,09:01,1037.1,480,0.0,0.000945836389607399,当日日盘开盘价
20260407,XSGE,上期所,AU,AU2610,02:30,1,1039.02,02:29,1038.66,09:01,1039.02,126,0.0,0.0003466004274737642,当日日盘开盘价
20260407,XSGE,上期所,AU,AU2612,02:30,1,1042.02,02:29,1041.44,09:01,1042.02,59,0.0,0.0005569211860500146,当日日盘开盘价
20260407,XSGE,上期所,AU,AU2702,02:30,1,1044.28,02:29,1044.28,09:01,1044.28,48,0.0,0.0,padding价(前收盘)
20260407,XSGE,上期所,CU,CU2604,01:00,5,96680.0,00:59,96240.0,09:01,96500.0,70,0.0018652849740932642,0.00457190357439734,当日日盘开盘价
20260407,XSGE,上期所,CU,CU2605,01:00,141,96350.0,00:59,96250.0,09:01,96350.0,1704,0.0,0.001038961038961039,当日日盘开盘价
20260407,XSGE,上期所,CU,CU2606,01:00,20,96560.0,00:59,96210.0,09:01,96480.0,555,0.0008291873963515755,0.00363787548071926,当日日盘开盘价
20260407,XSGE,上期所,CU,CU2607,01:00,5,96380.0,00:59,96160.0,09:01,96360.0,100,0.00020755500207555002,0.0022878535773710484,当日日盘开盘价
20260407,XSGE,上期所,CU,CU2609,01:00,1,96310.0,00:59,96110.0,09:01,96310.0,73,0.0,0.002080948912704193,当日日盘开盘价
20260407,XSGE,上期所,CU,CU2612,01:00,12,96000.0,00:59,96100.0,09:01,96060.0,32,0.0006246096189881324,0.001040582726326743,当日日盘开盘价
20260407,XSGE,上期所,NI,NI2605,01:00,209,133990.0,00:59,133990.0,09:01,134000.0,3337,7.462686567164179e-05,0.0,padding价(前收盘)
20260407,XSGE,上期所,NI,NI2606,01:00,181,134600.0,00:59,134290.0,09:01,134430.0,784,0.0012645986758907982,0.00230843696477772,当日日盘开盘价
20260407,XSGE,上期所,NI,NI2607,01:00,1,134500.0,00:59,134540.0,09:01,134540.0,97,0.0002973093503790694,0.0002973093503790694,padding价(前收盘)
20260407,XSGE,上期所,PB,PB2605,01:00,161,16755.0,00:59,16785.0,09:01,16775.0,2021,0.0011922503725782414,0.0017873100983020554,当日日盘开盘价
20260407,XSGE,上期所,PB,PB2606,01:00,18,16785.0,00:59,16820.0,09:01,16810.0,707,0.00148720999405116,0.002080856123662307,当日日盘开盘价
20260407,XSGE,上期所,SN,SN2604,01:00,60,364580.0,00:59,364580.0,09:01,364580.0,4,0.0,0.0,padding价(前收盘)
20260407,XSGE,上期所,SN,SN2605,01:00,115,363800.0,00:59,365740.0,09:01,363830.0,4113,8.245609213094027e-05,0.005304314540383879,当日日盘开盘价
20260407,XSGE,上期所,SN,SN2606,01:00,2,365680.0,00:59,365880.0,09:01,364900.0,1239,0.002137571937517128,0.0005466273095003826,padding价(前收盘)
20260407,XSGE,上期所,SS,SS2605,01:00,180,14175.0,00:59,14225.0,09:01,14205.0,2920,0.0021119324181626186,0.0035149384885764497,当日日盘开盘价
20260407,XSGE,上期所,SS,SS2606,01:00,40,14135.0,00:59,14130.0,09:01,14130.0,771,0.00035385704175513094,0.00035385704175513094,padding价(前收盘)
20260407,XSGE,上期所,ZN,ZN2605,01:00,95,23590.0,00:59,23590.0,09:01,23650.0,2947,0.002536997885835095,0.0,padding价(前收盘)
20260407,XSGE,上期所,ZN,ZN2606,01:00,6,23700.0,00:59,23610.0,09:01,23650.0,829,0.0021141649048625794,0.0038119440914866584,当日日盘开盘价
20260407,XSIE,能源中心,BC,BC2605,01:00,4,85390.0,00:59,85180.0,09:01,85390.0,78,0.0,0.0024653674571495656,当日日盘开盘价
20260407,XSIE,能源中心,SC,SC2605,02:30,116,715.5,02:29,722.0,09:01,717.2,1366,0.002370329057445685,0.009002770083102494,当日日盘开盘价
20260407,XSIE,能源中心,SC,SC2606,02:30,24,712.0,02:29,710.7,09:01,708.0,551,0.005649717514124294,0.0018291824961305114,padding价(前收盘)
20260407,XSIE,能源中心,SC,SC2607,02:30,1,705.0,02:29,697.7,09:01,695.6,245,0.01351351351351348,0.010462949691844567,padding价(前收盘)
20260407,XSIE,能源中心,SC,SC2612,02:30,1,638.0,02:29,632.1,09:01,635.0,7,0.004724409448818898,0.009333966144597337,当日日盘开盘价
20260506,XSGE,上期所,AG,AG2606,02:30,692,18422.0,02:29,18135.0,09:01,18429.0,9609,0.0003798361278419882,0.015825751309622278,当日日盘开盘价
20260506,XSGE,上期所,AG,AG2607,02:30,3,18380.0,02:29,18111.0,09:01,18380.0,400,0.0,0.014852851857986859,当日日盘开盘价
20260506,XSGE,上期所,AG,AG2608,02:30,143,18500.0,02:29,18123.0,09:01,18480.0,3878,0.0010822510822510823,0.020802295425702146,当日日盘开盘价
20260506,XSGE,上期所,AG,AG2609,02:30,3,18459.0,02:29,18124.0,09:01,18459.0,255,0.0,0.01848377841536085,当日日盘开盘价
20260506,XSGE,上期所,AG,AG2610,02:30,13,18422.0,02:29,18105.0,09:01,18420.0,568,0.00010857763300760044,0.01750897542115438,当日日盘开盘价
20260506,XSGE,上期所,AG,AG2611,02:30,1,18494.0,02:29,18098.0,09:01,18493.0,23,5.407451468123074e-05,0.021880870814454636,当日日盘开盘价
20260506,XSGE,上期所,AG,AG2612,02:30,26,18450.0,02:29,18102.0,09:01,18448.0,382,0.00010841283607979184,0.0192243950944647,当日日盘开盘价
20260506,XSGE,上期所,AL,AL2605,01:00,110,24700.0,00:59,24410.0,09:01,24700.0,395,0.0,0.01188037689471528,当日日盘开盘价
20260506,XSGE,上期所,AL,AL2606,01:00,669,24705.0,00:59,24430.0,09:01,24725.0,8666,0.0008088978766430738,0.01125665165779779,当日日盘开盘价
20260506,XSGE,上期所,AL,AL2607,01:00,148,24800.0,00:59,24475.0,09:01,24770.0,2818,0.0012111425111021397,0.013278855975485188,当日日盘开盘价
20260506,XSGE,上期所,AL,AL2608,01:00,2,24830.0,00:59,24490.0,09:01,24830.0,638,0.0,0.013883217639853002,当日日盘开盘价
20260506,XSGE,上期所,AL,AL2609,01:00,15,24740.0,00:59,24480.0,09:01,24760.0,449,0.0008077544426494346,0.010620915032679739,当日日盘开盘价
20260506,XSGE,上期所,AL,AL2610,01:00,10,24720.0,00:59,24475.0,09:01,24720.0,59,0.0,0.010010214504596528,当日日盘开盘价
20260506,XSGE,上期所,AL,AL2612,01:00,1,24660.0,00:59,24475.0,09:01,24660.0,48,0.0,0.0075587334014300305,当日日盘开盘价
20260506,XSGE,上期所,AO,AO2605,01:00,15,2622.0,,0.0,09:01,2622.0,15,0.0,,padding价(前收盘)
20260506,XSGE,上期所,AO,AO2606,01:00,18,2683.0,,0.0,09:01,2684.0,522,0.00037257824143070045,,padding价(前收盘)
20260506,XSGE,上期所,AO,AO2607,01:00,12,2744.0,,0.0,09:01,2744.0,353,0.0,,padding价(前收盘)
20260506,XSGE,上期所,AO,AO2608,01:00,2,2801.0,,0.0,09:01,2801.0,67,0.0,,padding价(前收盘)
20260506,XSGE,上期所,AO,AO2609,01:00,2581,2840.0,,0.0,09:01,2845.0,7701,0.0017574692442882249,,padding价(前收盘)
20260506,XSGE,上期所,AO,AO2701,01:00,3,2982.0,,0.0,09:01,2982.0,72,0.0,,padding价(前收盘)
20260506,XSGE,上期所,AU,AU2606,02:30,127,1018.64,02:29,1016.12,09:01,1018.82,2600,0.00017667497693416273,0.0024800220446403788,当日日盘开盘价
20260506,XSGE,上期所,AU,AU2608,02:30,27,1024.02,02:29,1018.78,09:01,1022.0,714,0.001976516634050863,0.005143406819921877,当日日盘开盘价
20260506,XSGE,上期所,AU,AU2610,02:30,3,1025.36,02:29,1020.94,09:01,1024.62,104,0.0007222189689836321,0.0043293435461435985,当日日盘开盘价
20260506,XSGE,上期所,AU,AU2612,02:30,5,1025.7,02:29,1022.7,09:01,1026.6,96,0.0008766803039157059,0.002933411557641537,当日日盘开盘价
20260506,XSGE,上期所,CU,CU2606,01:00,304,101780.0,00:59,101030.0,09:01,101790.0,3040,9.824147755182238e-05,0.007423537563100069,当日日盘开盘价
20260506,XSGE,上期所,CU,CU2607,01:00,92,101770.0,00:59,101030.0,09:01,101800.0,1115,0.00029469548133595285,0.007324557062258735,当日日盘开盘价
20260506,XSGE,上期所,CU,CU2608,01:00,1,101850.0,00:59,100900.0,09:01,101850.0,315,0.0,0.009415262636273538,当日日盘开盘价
20260506,XSGE,上期所,CU,CU2609,01:00,5,101850.0,00:59,100860.0,09:01,101700.0,347,0.0014749262536873156,0.009815585960737656,当日日盘开盘价
20260506,XSGE,上期所,NI,NI2606,01:00,459,151000.0,00:59,148870.0,09:01,151200.0,9329,0.0013227513227513227,0.014307785316047558,当日日盘开盘价
20260506,XSGE,上期所,NI,NI2607,01:00,44,151340.0,00:59,149300.0,09:01,151340.0,1276,0.0,0.013663764233087742,当日日盘开盘价
20260506,XSGE,上期所,NI,NI2609,01:00,38,151950.0,00:59,150010.0,09:01,152000.0,1110,0.0003289473684210526,0.01293247116858876,当日日盘开盘价
20260506,XSGE,上期所,NI,NI2612,01:00,1,153000.0,00:59,150640.0,09:01,155740.0,98,0.017593424939000898,0.015666489644184812,padding价(前收盘)
20260506,XSGE,上期所,PB,PB2606,01:00,178,16690.0,00:59,16630.0,09:01,16685.0,3474,0.00029967036260113877,0.0036079374624173183,当日日盘开盘价
20260506,XSGE,上期所,PB,PB2607,01:00,31,16710.0,00:59,16655.0,09:01,16715.0,738,0.0002991325157044571,0.003302311618132693,当日日盘开盘价
20260506,XSGE,上期所,SN,SN2605,01:00,52,390520.0,00:59,386000.0,09:01,390520.0,62,0.0,0.011709844559585493,当日日盘开盘价
20260506,XSGE,上期所,SN,SN2606,01:00,290,392400.0,00:59,387370.0,09:01,392370.0,4786,7.645844483523205e-05,0.01298500141983117,当日日盘开盘价
20260506,XSGE,上期所,SN,SN2607,01:00,42,390000.0,00:59,387660.0,09:01,392550.0,887,0.006495987772258311,0.006036217303822937,padding价(前收盘)
20260506,XSGE,上期所,SN,SN2608,01:00,3,391390.0,00:59,387870.0,09:01,392010.0,140,0.0015815923063187164,0.009075205610127104,当日日盘开盘价
20260506,XSGE,上期所,SN,SN2609,01:00,1,392000.0,00:59,387830.0,09:01,394000.0,114,0.005076142131979695,0.010752133666812779,当日日盘开盘价
20260506,XSGE,上期所,SS,SS2606,01:00,241,15520.0,00:59,15435.0,09:01,15535.0,5868,0.0009655616350177019,0.00550696469063816,当日日盘开盘价
20260506,XSGE,上期所,SS,SS2607,01:00,37,15600.0,00:59,15495.0,09:01,15600.0,1236,0.0,0.006776379477250726,当日日盘开盘价
20260506,XSGE,上期所,SS,SS2608,01:00,5,15605.0,00:59,15555.0,09:01,15700.0,396,0.006050955414012739,0.0032144005143040825,padding价(前收盘)
20260506,XSGE,上期所,SS,SS2609,01:00,1,15695.0,00:59,15560.0,09:01,15760.0,145,0.004124365482233503,0.008676092544987147,当日日盘开盘价
20260506,XSGE,上期所,ZN,ZN2605,01:00,5,23690.0,00:59,23550.0,09:01,23750.0,95,0.0025263157894736842,0.0059447983014862,当日日盘开盘价
20260506,XSGE,上期所,ZN,ZN2606,01:00,287,23850.0,00:59,23645.0,09:01,23835.0,4945,0.0006293266205160479,0.008669909071685345,当日日盘开盘价
20260506,XSGE,上期所,ZN,ZN2607,01:00,34,23880.0,00:59,23690.0,09:01,23890.0,1179,0.0004185851820845542,0.008020261713803293,当日日盘开盘价
20260506,XSIE,能源中心,BC,BC2606,01:00,6,89840.0,00:59,89460.0,09:01,90100.0,227,0.0028856825749167593,0.004247708473060586,当日日盘开盘价
20260506,XSIE,能源中心,BC,BC2607,01:00,1,89950.0,00:59,89580.0,09:01,89950.0,28,0.0,0.0041303862469301185,当日日盘开盘价
20260506,XSIE,能源中心,SC,SC2606,02:30,103,665.0,02:29,689.0,09:01,666.0,2097,0.0015015015015015015,0.03483309143686502,当日日盘开盘价
20260506,XSIE,能源中心,SC,SC2607,02:30,151,665.0,02:29,687.7,09:01,665.0,850,0.0,0.03300857932237901,当日日盘开盘价
20260506,XSIE,能源中心,SC,SC2608,02:30,2,655.0,02:29,679.1,09:01,655.6,249,0.0009151921903600102,0.03548814607568845,当日日盘开盘价
20260506,XSIE,能源中心,SC,SC2609,02:30,5,657.3,02:29,673.2,09:01,657.0,195,0.0004566210045661408,0.02361853832442081,当日日盘开盘价
20260506,XSIE,能源中心,SC,SC2612,02:30,11,651.0,02:29,651.1,09:01,636.1,101,0.023423989938688848,0.00015358623867304982,padding价(前收盘)
