missing_day,weekday,prev_file,next_file,tdate_block_vol_in_next_file,direct_verdict,holiday,verdict,run_id
20100215,周一,20100212,20100222,,无直接判据（连续缺失区间内部）,,休市或缺失（2022-09-22 前，未逐日判定）,1
20100216,周二,20100212,20100222,,无直接判据（连续缺失区间内部）,,休市或缺失（2022-09-22 前，未逐日判定）,1
20100217,周三,20100212,20100222,,无直接判据（连续缺失区间内部）,,休市或缺失（2022-09-22 前，未逐日判定）,1
20100218,周四,20100212,20100222,,无直接判据（连续缺失区间内部）,,休市或缺失（2022-09-22 前，未逐日判定）,1
20100219,周五,20100212,20100222,,无直接判据（连续缺失区间内部）,,休市或缺失（2022-09-22 前，未逐日判定）,1
20100405,周一,20100402,20100406,,无直接判据（连续缺失区间内部）,,休市或缺失（2022-09-22 前，未逐日判定）,2
20100503,周一,20100430,20100504,,无直接判据（连续缺失区间内部）,,休市或缺失（2022-09-22 前，未逐日判定）,3
20100614,周一,20100611,20100617,,无直接判据（连续缺失区间内部）,,休市或缺失（2022-09-22 前，未逐日判定）,4
20100615,周二,20100611,20100617,,无直接判据（连续缺失区间内部）,,休市或缺失（2022-09-22 前，未逐日判定）,4
20100616,周三,20100611,20100617,,无直接判据（连续缺失区间内部）,,休市或缺失（2022-09-22 前，未逐日判定）,4
20100922,周三,20100921,20100927,,无直接判据（连续缺失区间内部）,,休市或缺失（2022-09-22 前，未逐日判定）,5
20100923,周四,20100921,20100927,,无直接判据（连续缺失区间内部）,,休市或缺失（2022-09-22 前，未逐日判定）,5
20100924,周五,20100921,20100927,,无直接判据（连续缺失区间内部）,,休市或缺失（2022-09-22 前，未逐日判定）,5
20101001,周五,20100930,20101008,,无直接判据（连续缺失区间内部）,,休市或缺失（2022-09-22 前，未逐日判定）,6
20101004,周一,20100930,20101008,,无直接判据（连续缺失区间内部）,,休市或缺失（2022-09-22 前，未逐日判定）,6
20101005,周二,20100930,20101008,,无直接判据（连续缺失区间内部）,,休市或缺失（2022-09-22 前，未逐日判定）,6
20101006,周三,20100930,20101008,,无直接判据（连续缺失区间内部）,,休市或缺失（2022-09-22 前，未逐日判定）,6
20101007,周四,20100930,20101008,,无直接判据（连续缺失区间内部）,,休市或缺失（2022-09-22 前，未逐日判定）,6
20110103,周一,20101231,20110104,,无直接判据（连续缺失区间内部）,,休市或缺失（2022-09-22 前，未逐日判定）,7
20110202,周三,20110201,20110209,,无直接判据（连续缺失区间内部）,,休市或缺失（2022-09-22 前，未逐日判定）,8
20110203,周四,20110201,20110209,,无直接判据（连续缺失区间内部）,,休市或缺失（2022-09-22 前，未逐日判定）,8
20110204,周五,20110201,20110209,,无直接判据（连续缺失区间内部）,,休市或缺失（2022-09-22 前，未逐日判定）,8
20110207,周一,20110201,20110209,,无直接判据（连续缺失区间内部）,,休市或缺失（2022-09-22 前，未逐日判定）,8
20110208,周二,20110201,20110209,,无直接判据（连续缺失区间内部）,,休市或缺失（2022-09-22 前，未逐日判定）,8
20110404,周一,20110401,20110406,,无直接判据（连续缺失区间内部）,,休市或缺失（2022-09-22 前，未逐日判定）,9
20110405,周二,20110401,20110406,,无直接判据（连续缺失区间内部）,,休市或缺失（2022-09-22 前，未逐日判定）,9
20110502,周一,20110429,20110503,,无直接判据（连续缺失区间内部）,,休市或缺失（2022-09-22 前，未逐日判定）,10
20110606,周一,20110603,20110607,,无直接判据（连续缺失区间内部）,,休市或缺失（2022-09-22 前，未逐日判定）,11
20110912,周一,20110909,20110913,,无直接判据（连续缺失区间内部）,,休市或缺失（2022-09-22 前，未逐日判定）,12
20111003,周一,20110930,20111010,,无直接判据（连续缺失区间内部）,,休市或缺失（2022-09-22 前，未逐日判定）,13
20111004,周二,20110930,20111010,,无直接判据（连续缺失区间内部）,,休市或缺失（2022-09-22 前，未逐日判定）,13
20111005,周三,20110930,20111010,,无直接判据（连续缺失区间内部）,,休市或缺失（2022-09-22 前，未逐日判定）,13
20111006,周四,20110930,20111010,,无直接判据（连续缺失区间内部）,,休市或缺失（2022-09-22 前，未逐日判定）,13
20111007,周五,20110930,20111010,,无直接判据（连续缺失区间内部）,,休市或缺失（2022-09-22 前，未逐日判定）,13
20120102,周一,20111230,20120104,,无直接判据（连续缺失区间内部）,,休市或缺失（2022-09-22 前，未逐日判定）,14
20120103,周二,20111230,20120104,,无直接判据（连续缺失区间内部）,,休市或缺失（2022-09-22 前，未逐日判定）,14
20120123,周一,20120120,20120130,,无直接判据（连续缺失区间内部）,,休市或缺失（2022-09-22 前，未逐日判定）,15
20120124,周二,20120120,20120130,,无直接判据（连续缺失区间内部）,,休市或缺失（2022-09-22 前，未逐日判定）,15
20120125,周三,20120120,20120130,,无直接判据（连续缺失区间内部）,,休市或缺失（2022-09-22 前，未逐日判定）,15
20120126,周四,20120120,20120130,,无直接判据（连续缺失区间内部）,,休市或缺失（2022-09-22 前，未逐日判定）,15
20120127,周五,20120120,20120130,,无直接判据（连续缺失区间内部）,,休市或缺失（2022-09-22 前，未逐日判定）,15
20120402,周一,20120330,20120405,,无直接判据（连续缺失区间内部）,,休市或缺失（2022-09-22 前，未逐日判定）,16
20120403,周二,20120330,20120405,,无直接判据（连续缺失区间内部）,,休市或缺失（2022-09-22 前，未逐日判定）,16
20120404,周三,20120330,20120405,,无直接判据（连续缺失区间内部）,,休市或缺失（2022-09-22 前，未逐日判定）,16
20120430,周一,20120427,20120502,,无直接判据（连续缺失区间内部）,,休市或缺失（2022-09-22 前，未逐日判定）,17
20120501,周二,20120427,20120502,,无直接判据（连续缺失区间内部）,,休市或缺失（2022-09-22 前，未逐日判定）,17
20120622,周五,20120621,20120625,,无直接判据（连续缺失区间内部）,,休市或缺失（2022-09-22 前，未逐日判定）,18
20121001,周一,20120928,20121008,,无直接判据（连续缺失区间内部）,,休市或缺失（2022-09-22 前，未逐日判定）,19
20121002,周二,20120928,20121008,,无直接判据（连续缺失区间内部）,,休市或缺失（2022-09-22 前，未逐日判定）,19
20121003,周三,20120928,20121008,,无直接判据（连续缺失区间内部）,,休市或缺失（2022-09-22 前，未逐日判定）,19
20121004,周四,20120928,20121008,,无直接判据（连续缺失区间内部）,,休市或缺失（2022-09-22 前，未逐日判定）,19
20121005,周五,20120928,20121008,,无直接判据（连续缺失区间内部）,,休市或缺失（2022-09-22 前，未逐日判定）,19
20130101,周二,20121231,20130104,,无直接判据（连续缺失区间内部）,,休市或缺失（2022-09-22 前，未逐日判定）,20
20130102,周三,20121231,20130104,,无直接判据（连续缺失区间内部）,,休市或缺失（2022-09-22 前，未逐日判定）,20
20130103,周四,20121231,20130104,,无直接判据（连续缺失区间内部）,,休市或缺失（2022-09-22 前，未逐日判定）,20
20130211,周一,20130208,20130218,,无直接判据（连续缺失区间内部）,,休市或缺失（2022-09-22 前，未逐日判定）,21
20130212,周二,20130208,20130218,,无直接判据（连续缺失区间内部）,,休市或缺失（2022-09-22 前，未逐日判定）,21
20130213,周三,20130208,20130218,,无直接判据（连续缺失区间内部）,,休市或缺失（2022-09-22 前，未逐日判定）,21
20130214,周四,20130208,20130218,,无直接判据（连续缺失区间内部）,,休市或缺失（2022-09-22 前，未逐日判定）,21
20130215,周五,20130208,20130218,,无直接判据（连续缺失区间内部）,,休市或缺失（2022-09-22 前，未逐日判定）,21
20130404,周四,20130403,20130408,,无直接判据（连续缺失区间内部）,,休市或缺失（2022-09-22 前，未逐日判定）,22
20130405,周五,20130403,20130408,,无直接判据（连续缺失区间内部）,,休市或缺失（2022-09-22 前，未逐日判定）,22
20130429,周一,20130426,20130502,,无直接判据（连续缺失区间内部）,,休市或缺失（2022-09-22 前，未逐日判定）,23
20130430,周二,20130426,20130502,,无直接判据（连续缺失区间内部）,,休市或缺失（2022-09-22 前，未逐日判定）,23
20130501,周三,20130426,20130502,,无直接判据（连续缺失区间内部）,,休市或缺失（2022-09-22 前，未逐日判定）,23
20130610,周一,20130607,20130613,,无直接判据（连续缺失区间内部）,,休市或缺失（2022-09-22 前，未逐日判定）,24
20130611,周二,20130607,20130613,,无直接判据（连续缺失区间内部）,,休市或缺失（2022-09-22 前，未逐日判定）,24
20130612,周三,20130607,20130613,,无直接判据（连续缺失区间内部）,,休市或缺失（2022-09-22 前，未逐日判定）,24
20130919,周四,20130918,20130923,,无直接判据（连续缺失区间内部）,,休市或缺失（2022-09-22 前，未逐日判定）,25
20130920,周五,20130918,20130923,,无直接判据（连续缺失区间内部）,,休市或缺失（2022-09-22 前，未逐日判定）,25
20131001,周二,20130930,20131008,,无直接判据（连续缺失区间内部）,,休市或缺失（2022-09-22 前，未逐日判定）,26
20131002,周三,20130930,20131008,,无直接判据（连续缺失区间内部）,,休市或缺失（2022-09-22 前，未逐日判定）,26
20131003,周四,20130930,20131008,,无直接判据（连续缺失区间内部）,,休市或缺失（2022-09-22 前，未逐日判定）,26
20131004,周五,20130930,20131008,,无直接判据（连续缺失区间内部）,,休市或缺失（2022-09-22 前，未逐日判定）,26
20131007,周一,20130930,20131008,,无直接判据（连续缺失区间内部）,,休市或缺失（2022-09-22 前，未逐日判定）,26
20140101,周三,20131231,20140102,0.0,已证实是假期（次日文件里该块是 padding）,,休市或缺失（2022-09-22 前，未逐日判定）,27
20140131,周五,20140130,20140207,,无直接判据（连续缺失区间内部）,,休市或缺失（2022-09-22 前，未逐日判定）,28
20140203,周一,20140130,20140207,,无直接判据（连续缺失区间内部）,,休市或缺失（2022-09-22 前，未逐日判定）,28
20140204,周二,20140130,20140207,,无直接判据（连续缺失区间内部）,,休市或缺失（2022-09-22 前，未逐日判定）,28
20140205,周三,20140130,20140207,,无直接判据（连续缺失区间内部）,,休市或缺失（2022-09-22 前，未逐日判定）,28
20140206,周四,20140130,20140207,,无直接判据（连续缺失区间内部）,,休市或缺失（2022-09-22 前，未逐日判定）,28
20140407,周一,20140404,20140408,,无直接判据（连续缺失区间内部）,,休市或缺失（2022-09-22 前，未逐日判定）,29
20140501,周四,20140430,20140505,,无直接判据（连续缺失区间内部）,,休市或缺失（2022-09-22 前，未逐日判定）,30
20140502,周五,20140430,20140505,,无直接判据（连续缺失区间内部）,,休市或缺失（2022-09-22 前，未逐日判定）,30
20140602,周一,20140530,20140603,,无直接判据（连续缺失区间内部）,,休市或缺失（2022-09-22 前，未逐日判定）,31
20140908,周一,20140905,20140909,,无直接判据（连续缺失区间内部）,,休市或缺失（2022-09-22 前，未逐日判定）,32
20141001,周三,20140930,20141008,,无直接判据（连续缺失区间内部）,,休市或缺失（2022-09-22 前，未逐日判定）,33
20141002,周四,20140930,20141008,,无直接判据（连续缺失区间内部）,,休市或缺失（2022-09-22 前，未逐日判定）,33
20141003,周五,20140930,20141008,,无直接判据（连续缺失区间内部）,,休市或缺失（2022-09-22 前，未逐日判定）,33
20141006,周一,20140930,20141008,,无直接判据（连续缺失区间内部）,,休市或缺失（2022-09-22 前，未逐日判定）,33
20141007,周二,20140930,20141008,,无直接判据（连续缺失区间内部）,,休市或缺失（2022-09-22 前，未逐日判定）,33
20150101,周四,20141231,20150105,,无直接判据（连续缺失区间内部）,,休市或缺失（2022-09-22 前，未逐日判定）,34
20150102,周五,20141231,20150105,,无直接判据（连续缺失区间内部）,,休市或缺失（2022-09-22 前，未逐日判定）,34
20150218,周三,20150217,20150225,,无直接判据（连续缺失区间内部）,,休市或缺失（2022-09-22 前，未逐日判定）,35
20150219,周四,20150217,20150225,,无直接判据（连续缺失区间内部）,,休市或缺失（2022-09-22 前，未逐日判定）,35
20150220,周五,20150217,20150225,,无直接判据（连续缺失区间内部）,,休市或缺失（2022-09-22 前，未逐日判定）,35
20150223,周一,20150217,20150225,,无直接判据（连续缺失区间内部）,,休市或缺失（2022-09-22 前，未逐日判定）,35
20150224,周二,20150217,20150225,,无直接判据（连续缺失区间内部）,,休市或缺失（2022-09-22 前，未逐日判定）,35
20150406,周一,20150403,20150407,,无直接判据（连续缺失区间内部）,,休市或缺失（2022-09-22 前，未逐日判定）,36
20150501,周五,20150430,20150504,,无直接判据（连续缺失区间内部）,,休市或缺失（2022-09-22 前，未逐日判定）,37
20150622,周一,20150619,20150623,,无直接判据（连续缺失区间内部）,,休市或缺失（2022-09-22 前，未逐日判定）,38
20150903,周四,20150902,20150907,,无直接判据（连续缺失区间内部）,,休市或缺失（2022-09-22 前，未逐日判定）,39
20150904,周五,20150902,20150907,,无直接判据（连续缺失区间内部）,,休市或缺失（2022-09-22 前，未逐日判定）,39
20151001,周四,20150930,20151008,,无直接判据（连续缺失区间内部）,,休市或缺失（2022-09-22 前，未逐日判定）,40
20151002,周五,20150930,20151008,,无直接判据（连续缺失区间内部）,,休市或缺失（2022-09-22 前，未逐日判定）,40
20151005,周一,20150930,20151008,,无直接判据（连续缺失区间内部）,,休市或缺失（2022-09-22 前，未逐日判定）,40
20151006,周二,20150930,20151008,,无直接判据（连续缺失区间内部）,,休市或缺失（2022-09-22 前，未逐日判定）,40
20151007,周三,20150930,20151008,,无直接判据（连续缺失区间内部）,,休市或缺失（2022-09-22 前，未逐日判定）,40
20160101,周五,20151231,20160104,,无直接判据（连续缺失区间内部）,,休市或缺失（2022-09-22 前，未逐日判定）,41
20160208,周一,20160205,20160215,,无直接判据（连续缺失区间内部）,,休市或缺失（2022-09-22 前，未逐日判定）,42
20160209,周二,20160205,20160215,,无直接判据（连续缺失区间内部）,,休市或缺失（2022-09-22 前，未逐日判定）,42
20160210,周三,20160205,20160215,,无直接判据（连续缺失区间内部）,,休市或缺失（2022-09-22 前，未逐日判定）,42
20160211,周四,20160205,20160215,,无直接判据（连续缺失区间内部）,,休市或缺失（2022-09-22 前，未逐日判定）,42
20160212,周五,20160205,20160215,,无直接判据（连续缺失区间内部）,,休市或缺失（2022-09-22 前，未逐日判定）,42
20160404,周一,20160401,20160405,,无直接判据（连续缺失区间内部）,,休市或缺失（2022-09-22 前，未逐日判定）,43
20160502,周一,20160429,20160503,,无直接判据（连续缺失区间内部）,,休市或缺失（2022-09-22 前，未逐日判定）,44
20160609,周四,20160608,20160613,,无直接判据（连续缺失区间内部）,,休市或缺失（2022-09-22 前，未逐日判定）,45
20160610,周五,20160608,20160613,,无直接判据（连续缺失区间内部）,,休市或缺失（2022-09-22 前，未逐日判定）,45
20160915,周四,20160914,20160919,,无直接判据（连续缺失区间内部）,,休市或缺失（2022-09-22 前，未逐日判定）,46
20160916,周五,20160914,20160919,,无直接判据（连续缺失区间内部）,,休市或缺失（2022-09-22 前，未逐日判定）,46
20161003,周一,20160930,20161010,,无直接判据（连续缺失区间内部）,,休市或缺失（2022-09-22 前，未逐日判定）,47
20161004,周二,20160930,20161010,,无直接判据（连续缺失区间内部）,,休市或缺失（2022-09-22 前，未逐日判定）,47
20161005,周三,20160930,20161010,,无直接判据（连续缺失区间内部）,,休市或缺失（2022-09-22 前，未逐日判定）,47
20161006,周四,20160930,20161010,,无直接判据（连续缺失区间内部）,,休市或缺失（2022-09-22 前，未逐日判定）,47
20161007,周五,20160930,20161010,,无直接判据（连续缺失区间内部）,,休市或缺失（2022-09-22 前，未逐日判定）,47
20170102,周一,20161230,20170103,,无直接判据（连续缺失区间内部）,,休市或缺失（2022-09-22 前，未逐日判定）,48
20170127,周五,20170126,20170203,,无直接判据（连续缺失区间内部）,,休市或缺失（2022-09-22 前，未逐日判定）,49
20170130,周一,20170126,20170203,,无直接判据（连续缺失区间内部）,,休市或缺失（2022-09-22 前，未逐日判定）,49
20170131,周二,20170126,20170203,,无直接判据（连续缺失区间内部）,,休市或缺失（2022-09-22 前，未逐日判定）,49
20170201,周三,20170126,20170203,,无直接判据（连续缺失区间内部）,,休市或缺失（2022-09-22 前，未逐日判定）,49
20170202,周四,20170126,20170203,,无直接判据（连续缺失区间内部）,,休市或缺失（2022-09-22 前，未逐日判定）,49
20170403,周一,20170331,20170405,,无直接判据（连续缺失区间内部）,,休市或缺失（2022-09-22 前，未逐日判定）,50
20170404,周二,20170331,20170405,,无直接判据（连续缺失区间内部）,,休市或缺失（2022-09-22 前，未逐日判定）,50
20170501,周一,20170428,20170502,,无直接判据（连续缺失区间内部）,,休市或缺失（2022-09-22 前，未逐日判定）,51
20170529,周一,20170526,20170531,,无直接判据（连续缺失区间内部）,,休市或缺失（2022-09-22 前，未逐日判定）,52
20170530,周二,20170526,20170531,,无直接判据（连续缺失区间内部）,,休市或缺失（2022-09-22 前，未逐日判定）,52
20171002,周一,20170929,20171009,,无直接判据（连续缺失区间内部）,,休市或缺失（2022-09-22 前，未逐日判定）,53
20171003,周二,20170929,20171009,,无直接判据（连续缺失区间内部）,,休市或缺失（2022-09-22 前，未逐日判定）,53
20171004,周三,20170929,20171009,,无直接判据（连续缺失区间内部）,,休市或缺失（2022-09-22 前，未逐日判定）,53
20171005,周四,20170929,20171009,,无直接判据（连续缺失区间内部）,,休市或缺失（2022-09-22 前，未逐日判定）,53
20171006,周五,20170929,20171009,,无直接判据（连续缺失区间内部）,,休市或缺失（2022-09-22 前，未逐日判定）,53
20180101,周一,20171229,20180102,,无直接判据（连续缺失区间内部）,,休市或缺失（2022-09-22 前，未逐日判定）,54
20180215,周四,20180214,20180222,,无直接判据（连续缺失区间内部）,,休市或缺失（2022-09-22 前，未逐日判定）,55
20180216,周五,20180214,20180222,,无直接判据（连续缺失区间内部）,,休市或缺失（2022-09-22 前，未逐日判定）,55
20180219,周一,20180214,20180222,,无直接判据（连续缺失区间内部）,,休市或缺失（2022-09-22 前，未逐日判定）,55
20180220,周二,20180214,20180222,,无直接判据（连续缺失区间内部）,,休市或缺失（2022-09-22 前，未逐日判定）,55
20180221,周三,20180214,20180222,,无直接判据（连续缺失区间内部）,,休市或缺失（2022-09-22 前，未逐日判定）,55
20180405,周四,20180404,20180409,,无直接判据（连续缺失区间内部）,,休市或缺失（2022-09-22 前，未逐日判定）,56
20180406,周五,20180404,20180409,,无直接判据（连续缺失区间内部）,,休市或缺失（2022-09-22 前，未逐日判定）,56
20180430,周一,20180427,20180502,,无直接判据（连续缺失区间内部）,,休市或缺失（2022-09-22 前，未逐日判定）,57
20180501,周二,20180427,20180502,,无直接判据（连续缺失区间内部）,,休市或缺失（2022-09-22 前，未逐日判定）,57
20180618,周一,20180615,20180619,,无直接判据（连续缺失区间内部）,,休市或缺失（2022-09-22 前，未逐日判定）,58
20180924,周一,20180921,20180925,,无直接判据（连续缺失区间内部）,,休市或缺失（2022-09-22 前，未逐日判定）,59
20181001,周一,20180928,20181008,,无直接判据（连续缺失区间内部）,,休市或缺失（2022-09-22 前，未逐日判定）,60
20181002,周二,20180928,20181008,,无直接判据（连续缺失区间内部）,,休市或缺失（2022-09-22 前，未逐日判定）,60
20181003,周三,20180928,20181008,,无直接判据（连续缺失区间内部）,,休市或缺失（2022-09-22 前，未逐日判定）,60
20181004,周四,20180928,20181008,,无直接判据（连续缺失区间内部）,,休市或缺失（2022-09-22 前，未逐日判定）,60
20181005,周五,20180928,20181008,,无直接判据（连续缺失区间内部）,,休市或缺失（2022-09-22 前，未逐日判定）,60
20181231,周一,20181228,20190102,,无直接判据（连续缺失区间内部）,,休市或缺失（2022-09-22 前，未逐日判定）,61
20190101,周二,20181228,20190102,,无直接判据（连续缺失区间内部）,,休市或缺失（2022-09-22 前，未逐日判定）,61
20190204,周一,20190201,20190211,,无直接判据（连续缺失区间内部）,,休市或缺失（2022-09-22 前，未逐日判定）,62
20190205,周二,20190201,20190211,,无直接判据（连续缺失区间内部）,,休市或缺失（2022-09-22 前，未逐日判定）,62
20190206,周三,20190201,20190211,,无直接判据（连续缺失区间内部）,,休市或缺失（2022-09-22 前，未逐日判定）,62
20190207,周四,20190201,20190211,,无直接判据（连续缺失区间内部）,,休市或缺失（2022-09-22 前，未逐日判定）,62
20190208,周五,20190201,20190211,,无直接判据（连续缺失区间内部）,,休市或缺失（2022-09-22 前，未逐日判定）,62
20190405,周五,20190404,20190408,,无直接判据（连续缺失区间内部）,,休市或缺失（2022-09-22 前，未逐日判定）,63
20190501,周三,20190430,20190506,,无直接判据（连续缺失区间内部）,,休市或缺失（2022-09-22 前，未逐日判定）,64
20190502,周四,20190430,20190506,,无直接判据（连续缺失区间内部）,,休市或缺失（2022-09-22 前，未逐日判定）,64
20190503,周五,20190430,20190506,,无直接判据（连续缺失区间内部）,,休市或缺失（2022-09-22 前，未逐日判定）,64
20190607,周五,20190606,20190610,,无直接判据（连续缺失区间内部）,,休市或缺失（2022-09-22 前，未逐日判定）,65
20190913,周五,20190912,20190916,,无直接判据（连续缺失区间内部）,,休市或缺失（2022-09-22 前，未逐日判定）,66
20191001,周二,20190930,20191008,,无直接判据（连续缺失区间内部）,,休市或缺失（2022-09-22 前，未逐日判定）,67
20191002,周三,20190930,20191008,,无直接判据（连续缺失区间内部）,,休市或缺失（2022-09-22 前，未逐日判定）,67
20191003,周四,20190930,20191008,,无直接判据（连续缺失区间内部）,,休市或缺失（2022-09-22 前，未逐日判定）,67
20191004,周五,20190930,20191008,,无直接判据（连续缺失区间内部）,,休市或缺失（2022-09-22 前，未逐日判定）,67
20191007,周一,20190930,20191008,,无直接判据（连续缺失区间内部）,,休市或缺失（2022-09-22 前，未逐日判定）,67
20200101,周三,20191231,20200102,0.0,已证实是假期（次日文件里该块是 padding）,,休市或缺失（2022-09-22 前，未逐日判定）,68
20200124,周五,20200123,20200203,,无直接判据（连续缺失区间内部）,,休市或缺失（2022-09-22 前，未逐日判定）,69
20200127,周一,20200123,20200203,,无直接判据（连续缺失区间内部）,,休市或缺失（2022-09-22 前，未逐日判定）,69
20200128,周二,20200123,20200203,,无直接判据（连续缺失区间内部）,,休市或缺失（2022-09-22 前，未逐日判定）,69
20200129,周三,20200123,20200203,,无直接判据（连续缺失区间内部）,,休市或缺失（2022-09-22 前，未逐日判定）,69
20200130,周四,20200123,20200203,,无直接判据（连续缺失区间内部）,,休市或缺失（2022-09-22 前，未逐日判定）,69
20200131,周五,20200123,20200203,,无直接判据（连续缺失区间内部）,,休市或缺失（2022-09-22 前，未逐日判定）,69
20200406,周一,20200403,20200407,,无直接判据（连续缺失区间内部）,,休市或缺失（2022-09-22 前，未逐日判定）,70
20200501,周五,20200430,20200506,,无直接判据（连续缺失区间内部）,,休市或缺失（2022-09-22 前，未逐日判定）,71
20200504,周一,20200430,20200506,,无直接判据（连续缺失区间内部）,,休市或缺失（2022-09-22 前，未逐日判定）,71
20200505,周二,20200430,20200506,,无直接判据（连续缺失区间内部）,,休市或缺失（2022-09-22 前，未逐日判定）,71
20200625,周四,20200624,20200629,,无直接判据（连续缺失区间内部）,,休市或缺失（2022-09-22 前，未逐日判定）,72
20200626,周五,20200624,20200629,,无直接判据（连续缺失区间内部）,,休市或缺失（2022-09-22 前，未逐日判定）,72
20201001,周四,20200930,20201009,,无直接判据（连续缺失区间内部）,,休市或缺失（2022-09-22 前，未逐日判定）,73
20201002,周五,20200930,20201009,,无直接判据（连续缺失区间内部）,,休市或缺失（2022-09-22 前，未逐日判定）,73
20201005,周一,20200930,20201009,,无直接判据（连续缺失区间内部）,,休市或缺失（2022-09-22 前，未逐日判定）,73
20201006,周二,20200930,20201009,,无直接判据（连续缺失区间内部）,,休市或缺失（2022-09-22 前，未逐日判定）,73
20201007,周三,20200930,20201009,,无直接判据（连续缺失区间内部）,,休市或缺失（2022-09-22 前，未逐日判定）,73
20201008,周四,20200930,20201009,,无直接判据（连续缺失区间内部）,,休市或缺失（2022-09-22 前，未逐日判定）,73
20210101,周五,20201231,20210104,,无直接判据（连续缺失区间内部）,,休市或缺失（2022-09-22 前，未逐日判定）,74
20210211,周四,20210210,20210218,,无直接判据（连续缺失区间内部）,,休市或缺失（2022-09-22 前，未逐日判定）,75
20210212,周五,20210210,20210218,,无直接判据（连续缺失区间内部）,,休市或缺失（2022-09-22 前，未逐日判定）,75
20210215,周一,20210210,20210218,,无直接判据（连续缺失区间内部）,,休市或缺失（2022-09-22 前，未逐日判定）,75
20210216,周二,20210210,20210218,,无直接判据（连续缺失区间内部）,,休市或缺失（2022-09-22 前，未逐日判定）,75
20210217,周三,20210210,20210218,,无直接判据（连续缺失区间内部）,,休市或缺失（2022-09-22 前，未逐日判定）,75
20210405,周一,20210402,20210406,,无直接判据（连续缺失区间内部）,,休市或缺失（2022-09-22 前，未逐日判定）,76
20210503,周一,20210430,20210506,,无直接判据（连续缺失区间内部）,,休市或缺失（2022-09-22 前，未逐日判定）,77
20210504,周二,20210430,20210506,,无直接判据（连续缺失区间内部）,,休市或缺失（2022-09-22 前，未逐日判定）,77
20210505,周三,20210430,20210506,,无直接判据（连续缺失区间内部）,,休市或缺失（2022-09-22 前，未逐日判定）,77
20210614,周一,20210611,20210615,,无直接判据（连续缺失区间内部）,,休市或缺失（2022-09-22 前，未逐日判定）,78
20210920,周一,20210917,20210922,,无直接判据（连续缺失区间内部）,,休市或缺失（2022-09-22 前，未逐日判定）,79
20210921,周二,20210917,20210922,,无直接判据（连续缺失区间内部）,,休市或缺失（2022-09-22 前，未逐日判定）,79
20211001,周五,20210930,20211008,,无直接判据（连续缺失区间内部）,,休市或缺失（2022-09-22 前，未逐日判定）,80
20211004,周一,20210930,20211008,,无直接判据（连续缺失区间内部）,,休市或缺失（2022-09-22 前，未逐日判定）,80
20211005,周二,20210930,20211008,,无直接判据（连续缺失区间内部）,,休市或缺失（2022-09-22 前，未逐日判定）,80
20211006,周三,20210930,20211008,,无直接判据（连续缺失区间内部）,,休市或缺失（2022-09-22 前，未逐日判定）,80
20211007,周四,20210930,20211008,,无直接判据（连续缺失区间内部）,,休市或缺失（2022-09-22 前，未逐日判定）,80
20220103,周一,20211231,20220104,,无直接判据（连续缺失区间内部）,,休市或缺失（2022-09-22 前，未逐日判定）,81
20220131,周一,20220128,20220207,,无直接判据（连续缺失区间内部）,,休市或缺失（2022-09-22 前，未逐日判定）,82
20220201,周二,20220128,20220207,,无直接判据（连续缺失区间内部）,,休市或缺失（2022-09-22 前，未逐日判定）,82
20220202,周三,20220128,20220207,,无直接判据（连续缺失区间内部）,,休市或缺失（2022-09-22 前，未逐日判定）,82
20220203,周四,20220128,20220207,,无直接判据（连续缺失区间内部）,,休市或缺失（2022-09-22 前，未逐日判定）,82
20220204,周五,20220128,20220207,,无直接判据（连续缺失区间内部）,,休市或缺失（2022-09-22 前，未逐日判定）,82
20220404,周一,20220401,20220406,,无直接判据（连续缺失区间内部）,,休市或缺失（2022-09-22 前，未逐日判定）,83
20220405,周二,20220401,20220406,,无直接判据（连续缺失区间内部）,,休市或缺失（2022-09-22 前，未逐日判定）,83
20220502,周一,20220429,20220505,,无直接判据（连续缺失区间内部）,,休市或缺失（2022-09-22 前，未逐日判定）,84
20220503,周二,20220429,20220505,,无直接判据（连续缺失区间内部）,,休市或缺失（2022-09-22 前，未逐日判定）,84
20220504,周三,20220429,20220505,,无直接判据（连续缺失区间内部）,,休市或缺失（2022-09-22 前，未逐日判定）,84
20220603,周五,20220602,20220606,,无直接判据（连续缺失区间内部）,,休市或缺失（2022-09-22 前，未逐日判定）,85
20220912,周一,20220909,20220913,,无直接判据（连续缺失区间内部）,,休市或缺失（2022-09-22 前，未逐日判定）,86
20220926,周一,20220923,20220927,9379475.0,已证实是交易日（文件缺失）,,交易日 · 文件缺失（数据直接证实）,87
20221003,周一,20220930,20221010,,无直接判据（连续缺失区间内部）,2022国庆,休市（交易所公告）,88
20221004,周二,20220930,20221010,,无直接判据（连续缺失区间内部）,2022国庆,休市（交易所公告）,88
20221005,周三,20220930,20221010,,无直接判据（连续缺失区间内部）,2022国庆,休市（交易所公告）,88
20221006,周四,20220930,20221010,,无直接判据（连续缺失区间内部）,2022国庆,休市（交易所公告）,88
20221007,周五,20220930,20221010,0.0,已证实是假期（次日文件里该块是 padding）,2022国庆,休市（交易所公告）,88
20230102,周一,20221230,20230103,0.0,已证实是假期（次日文件里该块是 padding）,2023元旦,休市（交易所公告）,89
20230123,周一,20230120,20230130,,无直接判据（连续缺失区间内部）,2023春节,休市（交易所公告）,90
20230124,周二,20230120,20230130,,无直接判据（连续缺失区间内部）,2023春节,休市（交易所公告）,90
20230125,周三,20230120,20230130,,无直接判据（连续缺失区间内部）,2023春节,休市（交易所公告）,90
20230126,周四,20230120,20230130,,无直接判据（连续缺失区间内部）,2023春节,休市（交易所公告）,90
20230127,周五,20230120,20230130,0.0,已证实是假期（次日文件里该块是 padding）,2023春节,休市（交易所公告）,90
20230405,周三,20230404,20230406,0.0,已证实是假期（次日文件里该块是 padding）,2023清明,休市（交易所公告）,91
20230501,周一,20230428,20230504,,无直接判据（连续缺失区间内部）,2023劳动,休市（交易所公告）,92
20230502,周二,20230428,20230504,,无直接判据（连续缺失区间内部）,2023劳动,休市（交易所公告）,92
20230503,周三,20230428,20230504,0.0,已证实是假期（次日文件里该块是 padding）,2023劳动,休市（交易所公告）,92
20230612,周一,20230609,20230703,,无直接判据（连续缺失区间内部）,,交易日 · 文件缺失（不在休市公告内）,93
20230613,周二,20230609,20230703,,无直接判据（连续缺失区间内部）,,交易日 · 文件缺失（不在休市公告内）,93
20230614,周三,20230609,20230703,,无直接判据（连续缺失区间内部）,,交易日 · 文件缺失（不在休市公告内）,93
20230615,周四,20230609,20230703,,无直接判据（连续缺失区间内部）,,交易日 · 文件缺失（不在休市公告内）,93
20230616,周五,20230609,20230703,,无直接判据（连续缺失区间内部）,,交易日 · 文件缺失（不在休市公告内）,93
20230619,周一,20230609,20230703,,无直接判据（连续缺失区间内部）,,交易日 · 文件缺失（不在休市公告内）,93
20230620,周二,20230609,20230703,,无直接判据（连续缺失区间内部）,,交易日 · 文件缺失（不在休市公告内）,93
20230621,周三,20230609,20230703,,无直接判据（连续缺失区间内部）,,交易日 · 文件缺失（不在休市公告内）,93
20230622,周四,20230609,20230703,,无直接判据（连续缺失区间内部）,2023端午,休市（交易所公告）,93
20230623,周五,20230609,20230703,,无直接判据（连续缺失区间内部）,2023端午,休市（交易所公告）,93
20230626,周一,20230609,20230703,,无直接判据（连续缺失区间内部）,,交易日 · 文件缺失（不在休市公告内）,93
20230627,周二,20230609,20230703,,无直接判据（连续缺失区间内部）,,交易日 · 文件缺失（不在休市公告内）,93
20230628,周三,20230609,20230703,,无直接判据（连续缺失区间内部）,,交易日 · 文件缺失（不在休市公告内）,93
20230629,周四,20230609,20230703,,无直接判据（连续缺失区间内部）,,交易日 · 文件缺失（不在休市公告内）,93
20230630,周五,20230609,20230703,9254410.0,已证实是交易日（文件缺失）,,交易日 · 文件缺失（数据直接证实）,93
20230929,周五,20230928,20231009,,无直接判据（连续缺失区间内部）,2023中秋国庆,休市（交易所公告）,94
20231002,周一,20230928,20231009,,无直接判据（连续缺失区间内部）,2023中秋国庆,休市（交易所公告）,94
20231003,周二,20230928,20231009,,无直接判据（连续缺失区间内部）,2023中秋国庆,休市（交易所公告）,94
20231004,周三,20230928,20231009,,无直接判据（连续缺失区间内部）,2023中秋国庆,休市（交易所公告）,94
20231005,周四,20230928,20231009,,无直接判据（连续缺失区间内部）,2023中秋国庆,休市（交易所公告）,94
20231006,周五,20230928,20231009,0.0,已证实是假期（次日文件里该块是 padding）,2023中秋国庆,休市（交易所公告）,94
20240101,周一,20231229,20240102,0.0,已证实是假期（次日文件里该块是 padding）,2024元旦,休市（交易所公告）,95
20240209,周五,20240208,20240219,,无直接判据（连续缺失区间内部）,2024春节,休市（交易所公告）,96
20240212,周一,20240208,20240219,,无直接判据（连续缺失区间内部）,2024春节,休市（交易所公告）,96
20240213,周二,20240208,20240219,,无直接判据（连续缺失区间内部）,2024春节,休市（交易所公告）,96
20240214,周三,20240208,20240219,,无直接判据（连续缺失区间内部）,2024春节,休市（交易所公告）,96
20240215,周四,20240208,20240219,,无直接判据（连续缺失区间内部）,2024春节,休市（交易所公告）,96
20240216,周五,20240208,20240219,0.0,已证实是假期（次日文件里该块是 padding）,2024春节,休市（交易所公告）,96
20240404,周四,20240403,20240408,,无直接判据（连续缺失区间内部）,2024清明,休市（交易所公告）,97
20240405,周五,20240403,20240408,0.0,已证实是假期（次日文件里该块是 padding）,2024清明,休市（交易所公告）,97
20240501,周三,20240430,20240506,,无直接判据（连续缺失区间内部）,2024劳动,休市（交易所公告）,98
20240502,周四,20240430,20240506,,无直接判据（连续缺失区间内部）,2024劳动,休市（交易所公告）,98
20240503,周五,20240430,20240506,0.0,已证实是假期（次日文件里该块是 padding）,2024劳动,休市（交易所公告）,98
20240610,周一,20240607,20240611,0.0,已证实是假期（次日文件里该块是 padding）,2024端午,休市（交易所公告）,99
20240916,周一,20240913,20240918,,无直接判据（连续缺失区间内部）,2024中秋,休市（交易所公告）,100
20240917,周二,20240913,20240918,0.0,已证实是假期（次日文件里该块是 padding）,2024中秋,休市（交易所公告）,100
20241001,周二,20240930,20241008,,无直接判据（连续缺失区间内部）,2024国庆,休市（交易所公告）,101
20241002,周三,20240930,20241008,,无直接判据（连续缺失区间内部）,2024国庆,休市（交易所公告）,101
20241003,周四,20240930,20241008,,无直接判据（连续缺失区间内部）,2024国庆,休市（交易所公告）,101
20241004,周五,20240930,20241008,,无直接判据（连续缺失区间内部）,2024国庆,休市（交易所公告）,101
20241007,周一,20240930,20241008,0.0,已证实是假期（次日文件里该块是 padding）,2024国庆,休市（交易所公告）,101
20250101,周三,20241231,20250102,0.0,已证实是假期（次日文件里该块是 padding）,2025元旦,休市（交易所公告）,102
20250128,周二,20250127,20250205,,无直接判据（连续缺失区间内部）,2025春节,休市（交易所公告）,103
20250129,周三,20250127,20250205,,无直接判据（连续缺失区间内部）,2025春节,休市（交易所公告）,103
20250130,周四,20250127,20250205,,无直接判据（连续缺失区间内部）,2025春节,休市（交易所公告）,103
20250131,周五,20250127,20250205,,无直接判据（连续缺失区间内部）,2025春节,休市（交易所公告）,103
20250203,周一,20250127,20250205,,无直接判据（连续缺失区间内部）,2025春节,休市（交易所公告）,103
20250204,周二,20250127,20250205,0.0,已证实是假期（次日文件里该块是 padding）,2025春节,休市（交易所公告）,103
20250307,周五,20250306,20250310,9636899.0,已证实是交易日（文件缺失）,,交易日 · 文件缺失（数据直接证实）,104
20250314,周五,20250313,20250319,,无直接判据（连续缺失区间内部）,,交易日 · 文件缺失（不在休市公告内）,105
20250317,周一,20250313,20250319,,无直接判据（连续缺失区间内部）,,交易日 · 文件缺失（不在休市公告内）,105
20250318,周二,20250313,20250319,8863864.0,已证实是交易日（文件缺失）,,交易日 · 文件缺失（数据直接证实）,105
20250404,周五,20250403,20250407,0.0,已证实是假期（次日文件里该块是 padding）,2025清明,休市（交易所公告）,106
20250501,周四,20250430,20250506,,无直接判据（连续缺失区间内部）,2025劳动,休市（交易所公告）,107
20250502,周五,20250430,20250506,,无直接判据（连续缺失区间内部）,2025劳动,休市（交易所公告）,107
20250505,周一,20250430,20250506,0.0,已证实是假期（次日文件里该块是 padding）,2025劳动,休市（交易所公告）,107
20250602,周一,20250530,20250603,0.0,已证实是假期（次日文件里该块是 padding）,2025端午,休市（交易所公告）,108
20250617,周二,20250616,20250618,11198766.0,已证实是交易日（文件缺失）,,交易日 · 文件缺失（数据直接证实）,109
20250722,周二,20250721,20250723,16451887.0,已证实是交易日（文件缺失）,,交易日 · 文件缺失（数据直接证实）,110
20250725,周五,20250724,20250728,24788401.0,已证实是交易日（文件缺失）,,交易日 · 文件缺失（数据直接证实）,110
20250901,周一,20250829,20250902,7987425.0,已证实是交易日（文件缺失）,,交易日 · 文件缺失（数据直接证实）,111
20251001,周三,20250930,20251009,,无直接判据（连续缺失区间内部）,2025国庆中秋,休市（交易所公告）,112
20251002,周四,20250930,20251009,,无直接判据（连续缺失区间内部）,2025国庆中秋,休市（交易所公告）,112
20251003,周五,20250930,20251009,,无直接判据（连续缺失区间内部）,2025国庆中秋,休市（交易所公告）,112
20251006,周一,20250930,20251009,,无直接判据（连续缺失区间内部）,2025国庆中秋,休市（交易所公告）,112
20251007,周二,20250930,20251009,,无直接判据（连续缺失区间内部）,2025国庆中秋,休市（交易所公告）,112
20251008,周三,20250930,20251009,0.0,已证实是假期（次日文件里该块是 padding）,2025国庆中秋,休市（交易所公告）,112
20260101,周四,20251231,20260105,,无直接判据（连续缺失区间内部）,2026元旦,休市（交易所公告）,113
20260102,周五,20251231,20260105,0.0,已证实是假期（次日文件里该块是 padding）,2026元旦,休市（交易所公告）,113
20260216,周一,20260213,20260224,,无直接判据（连续缺失区间内部）,2026春节,休市（交易所公告）,114
20260217,周二,20260213,20260224,,无直接判据（连续缺失区间内部）,2026春节,休市（交易所公告）,114
20260218,周三,20260213,20260224,,无直接判据（连续缺失区间内部）,2026春节,休市（交易所公告）,114
20260219,周四,20260213,20260224,,无直接判据（连续缺失区间内部）,2026春节,休市（交易所公告）,114
20260220,周五,20260213,20260224,,无直接判据（连续缺失区间内部）,2026春节,休市（交易所公告）,114
20260223,周一,20260213,20260224,0.0,已证实是假期（次日文件里该块是 padding）,2026春节,休市（交易所公告）,114
20260302,周一,20260227,20260303,16170813.0,已证实是交易日（文件缺失）,,交易日 · 文件缺失（数据直接证实）,115
20260309,周一,20260306,20260310,21400353.0,已证实是交易日（文件缺失）,,交易日 · 文件缺失（数据直接证实）,116
20260323,周一,20260320,20260324,19408279.0,已证实是交易日（文件缺失）,,交易日 · 文件缺失（数据直接证实）,117
20260330,周一,20260327,20260401,,无直接判据（连续缺失区间内部）,,交易日 · 文件缺失（不在休市公告内）,118
20260331,周二,20260327,20260401,11980304.0,已证实是交易日（文件缺失）,,交易日 · 文件缺失（数据直接证实）,118
20260406,周一,20260403,20260407,0.0,已证实是假期（次日文件里该块是 padding）,2026清明,休市（交易所公告）,119
20260408,周三,20260407,20260409,10568153.0,已证实是交易日（文件缺失）,,交易日 · 文件缺失（数据直接证实）,119
20260413,周一,20260410,20260414,10840304.0,已证实是交易日（文件缺失）,,交易日 · 文件缺失（数据直接证实）,120
20260417,周五,20260416,20260420,14500868.0,已证实是交易日（文件缺失）,,交易日 · 文件缺失（数据直接证实）,120
20260501,周五,20260430,20260506,,无直接判据（连续缺失区间内部）,2026劳动,休市（交易所公告）,121
20260504,周一,20260430,20260506,,无直接判据（连续缺失区间内部）,2026劳动,休市（交易所公告）,121
20260505,周二,20260430,20260506,0.0,已证实是假期（次日文件里该块是 padding）,2026劳动,休市（交易所公告）,121
20260508,周五,20260507,20260511,8807149.0,已证实是交易日（文件缺失）,,交易日 · 文件缺失（数据直接证实）,121
20260519,周二,20260518,20260522,,无直接判据（连续缺失区间内部）,,交易日 · 文件缺失（不在休市公告内）,122
20260520,周三,20260518,20260522,,无直接判据（连续缺失区间内部）,,交易日 · 文件缺失（不在休市公告内）,122
20260521,周四,20260518,20260522,8724105.0,已证实是交易日（文件缺失）,,交易日 · 文件缺失（数据直接证实）,122
20260529,周五,20260528,20260601,8319528.0,已证实是交易日（文件缺失）,,交易日 · 文件缺失（数据直接证实）,123
20260604,周四,20260603,20260609,,无直接判据（连续缺失区间内部）,,交易日 · 文件缺失（不在休市公告内）,124
20260605,周五,20260603,20260609,,无直接判据（连续缺失区间内部）,,交易日 · 文件缺失（不在休市公告内）,124
20260608,周一,20260603,20260609,11171891.0,已证实是交易日（文件缺失）,,交易日 · 文件缺失（数据直接证实）,124
20260615,周一,20260612,20260616,9178017.0,已证实是交易日（文件缺失）,,交易日 · 文件缺失（数据直接证实）,125
20260619,周五,20260618,20260622,0.0,已证实是假期（次日文件里该块是 padding）,2026端午,休市（交易所公告）,125
20260709,周四,20260708,20260710,9618874.0,已证实是交易日（文件缺失）,,交易日 · 文件缺失（数据直接证实）,126
20260720,周一,20260717,20260721,11521826.0,已证实是交易日（文件缺失）,,交易日 · 文件缺失（数据直接证实）,127
20260722,周三,20260721,20260723,9771731.0,已证实是交易日（文件缺失）,,交易日 · 文件缺失（数据直接证实）,127
20260804,周二,20260803,20260805,11705821.0,已证实是交易日（文件缺失）,,交易日 · 文件缺失（数据直接证实）,128
